,Street_Address,City,Zipcode,Bed,Bath,Floor_Area(sq.ft),Price($),Estimated_mortgage/mo($),Elementary_School,Middle_school,High_School,Crime,Commute_By_Car(%),Restaurants,Groceries,Nightlife,Year_Built,lot_Size(sq.ft),Property_Tax_2020,Property_Assessment($)
0,1183 Solana Dr,Mountain View,94040,4,2.0,1501.0,2425000.0,9551.0,1.0,1.0,1.0,Lowest,89.0,139.0,17.0,20.0,1951,6250.0,6451.0,519970.0
1,1031 Embarcadero Rd,Palo Alto,94303,7,6.0,2842.0,3499888.0,13751.0,1.0,1.0,1.0,Lowest,90.0,29.0,6.0,3.0,2021,6050.0,25499.0,2080800.0
2,764 Alice Ave,Mountain View,94041,4,3.0,1841.0,2208888.0,8706.0,1.0,1.0,1.0,Lowest,85.0,158.0,18.0,20.0,1953,9877.0,1175.0,72187.0
3,798 W Iowa Ave,Sunnyvale,94086,5,4.0,2676.0,2398000.0,9446.0,1.0,1.0,1.0,Lowest,92.0,183.0,18.0,27.0,1955,10262.0,,
4,1885 Peacock Ave,Mountain View,94043,4,4.0,2076.0,2699000.0,10622.0,1.0,1.0,1.0,Lowest,92.0,166.0,14.0,25.0,2016,6046.0,30974.0,2523000.0
5,1129 Prunelle Ct,Sunnyvale,94087,4,2.0,1988.0,2498000.0,9836.0,1.0,1.0,1.0,Lowest,94.0,98.0,16.0,11.0,1963,0.3,27886.0,2371000.0
6,3785 Park Blvd,Palo Alto,94306,3,2.0,1234.0,1799000.0,7104.0,1.0,1.0,1.0,Lowest,83.0,100.0,12.0,19.0,1940,5636.664,9501.0,732856.0
7,2110 Jardin Dr,Mountain View,94040,3,1.0,1006.0,2095000.0,8261.0,1.0,1.0,1.0,Lowest,89.0,130.0,18.0,19.0,1952,5632.0,1276.0,80638.0
8,844 Richardson Ct,Palo Alto,94303,4,2.0,1789.0,2898000.0,11400.0,1.0,1.0,1.0,Lowest,90.0,44.0,8.0,2.0,1956,7461.0,20487.0,1666151.0
9,405 Chesley Ave,Mountain View,94040,4,4.0,3383.0,3595000.0,14123.0,1.0,1.0,1.0,Lowest,89.0,55.0,9.0,2.0,1994,8515.0,24569.0,2026767.0
10,803 Emily Dr,Mountain View,94043,3,2.0,1310.0,1398000.0,5538.0,1.0,1.0,1.0,Lowest,92.0,106.0,11.0,17.0,1954,5649.0,12788.0,1030752.0
11,801 Clara Dr,Palo Alto,94303,4,2.0,1465.0,2699000.0,10622.0,1.0,1.0,1.0,Lowest,90.0,54.0,9.0,9.0,1953,7322.0,29685.0,2440511.0
12,890 Lori Ave,Sunnyvale,94086,3,1.0,1000.0,1350000.0,5350.0,1.0,1.0,1.0,Lowest,92.0,165.0,19.0,25.0,1950,5000.0,3939.0,318970.0
13,362 Shelby Dr,Mountain View,94043,3,3.0,1375.0,1519000.0,6141.0,1.0,1.0,1.0,Lowest,92.0,174.0,20.0,18.0,1998,2744.0,19986.0,1643832.0
14,1228 Miramonte Ave,Mountain View,94040,4,2.0,2030.0,2600000.0,10234.0,1.0,1.0,1.0,Lowest,89.0,138.0,13.0,18.0,1972,5906.0,7745.0,644079.0
15,12200 S El Monte Rd,Los Altos,94022,4,4.0,3220.0,3998000.0,15697.0,1.0,1.0,1.0,Lowest,96.0,2.0,,,1977,1.62,,
16,1289 Eureka Ave,Los Altos,94024,5,5.0,3007.0,3750000.0,14728.0,1.0,1.0,1.0,Lowest,96.0,13.0,4.0,1.0,2019,10323.0,45280.0,3652416.0
17,3383 Lubich Dr,Mountain View,94040,3,2.0,1652.0,2285000.0,9004.0,1.0,1.0,1.0,Lowest,89.0,58.0,10.0,5.0,1963,8367.0,22801.0,1885980.0
18,675 Benvenue Ave,Los Altos,94024,2,1.0,1882.0,2888000.0,11360.0,1.0,1.0,1.0,Lowest,96.0,99.0,11.0,12.0,1946,0.58,7205.0,552497.0
19,800 Harvard Ave,Sunnyvale,94087,4,2.0,1575.0,2150000.0,8477.0,1.0,1.0,1.0,Lowest,94.0,142.0,21.0,23.0,1962,5889.0,23633.0,2000066.0
20,580 Sunnymount Ave,Sunnyvale,94087,4,2.0,1820.0,1799000.0,7104.0,1.0,1.0,1.0,Lowest,94.0,149.0,18.0,27.0,1949,8729.0,1115.0,80003.0
21,2585 Louis Rd,Palo Alto,94303,6,6.0,3787.0,6188000.0,24256.0,1.0,1.0,1.0,Lowest,90.0,19.0,6.0,,2021,10842.0,34576.0,2856000.0
22,2830 Waverley St,Palo Alto,94306,6,4.0,3661.0,3898000.0,15307.0,1.0,1.0,1.0,Lowest,83.0,89.0,11.0,15.0,1948,8245.0,3734.0,313967.0
23,1430 Mercy St,Mountain View,94041,4,2.0,1854.0,1449000.0,5737.0,1.0,1.0,1.0,Lowest,85.0,154.0,14.0,18.0,1925,7766.0,983.0,56132.0
24,364 N Rengstorff Ave,Mountain View,94043,3,2.0,1340.0,1649000.0,6519.0,1.0,1.0,1.0,Lowest,92.0,106.0,16.0,12.0,1954,5379.0,20200.0,1632000.0
25,1780 Morton Ave,Los Altos,94024,4,6.0,4971.0,5988000.0,23473.0,1.0,1.0,1.0,Lowest,96.0,13.0,6.0,,2005,0.78,24274.0,1965598.0
26,694 Panchita Way,Los Altos,94022,4,3.0,3171.0,4395000.0,17249.0,1.0,1.0,1.0,Lowest,96.0,120.0,16.0,21.0,1990,10153.0,29074.0,2272060.0
27,2110 California St,Mountain View,94040,4,3.0,1790.0,1980000.0,7963.0,1.0,1.0,1.0,Lowest,89.0,163.0,18.0,26.0,1996,2814.0,6637.0,528519.0
28,25811 Estacada Dr,Los Altos,94022,3,2.0,2262.0,3498000.0,13744.0,1.0,1.0,1.0,Lowest,96.0,83.0,14.0,16.0,1954,0.63,14051.0,1020118.0
29,3198 Maddux Dr,Palo Alto,94303,4,5.0,3016.0,4088000.0,16049.0,1.0,1.0,1.0,Lowest,90.0,18.0,4.0,,2017,7562.0,41555.0,3448926.0
30,197 Thompson Sq,Mountain View,94043,3,2.0,1389.0,1998000.0,7882.0,1.0,1.0,1.0,Lowest,92.0,107.0,15.0,15.0,1956,6499.0,13492.0,1081579.0
31,1104 Phyllis Ave,Mountain View,94040,3,2.0,1305.0,1995000.0,7871.0,1.0,1.0,1.0,Lowest,89.0,141.0,15.0,17.0,1956,6067.0,1276.0,80634.0
32,704 Covington Rd,Los Altos,94024,5,4.0,3619.0,4686000.0,18386.0,1.0,1.0,1.0,Lowest,96.0,13.0,3.0,,2004,0.34,38403.0,3054437.0
33,1633 Montalto Dr,Mountain View,94040,4,2.0,1892.0,2698000.0,10617.0,1.0,1.0,1.0,Lowest,89.0,97.0,10.0,13.0,2011,6298.0,31969.0,2651957.0
34,1040 W Washington Ave,Sunnyvale,94086,4,3.0,1864.0,1998000.0,7928.0,1.0,1.0,1.0,Lowest,92.0,154.0,15.0,24.0,2004,3310.0,18515.0,1555800.0
35,13331 Wildcrest Dr,Los Altos,94022,4,6.0,4931.0,6498000.0,25467.0,1.0,1.0,1.0,Lowest,96.0,50.0,7.0,11.0,2006,1.08,28978.0,2184871.0
36,571 S Taaffe St,Sunnyvale,94086,2,1.0,1040.0,1398888.0,5542.0,1.0,1.0,1.0,Lowest,92.0,167.0,16.0,28.0,1932,5000.0,1234.0,82462.0
37,711 Calderon Ave,Mountain View,94041,2,1.0,1359.0,6500000.0,25475.0,1.0,1.0,1.0,Low,85.0,148.0,13.0,18.0,1921,0.87,7568.0,606103.0
38,12398 Stonebrook Dr,Los Altos Hills,94022,5,7.0,7019.0,9699000.0,37975.0,1.0,1.0,1.0,Lowest,96.0,3.0,1.0,,2020,1.76,34308.0,2746053.0
39,355 San Antonio Ave,Palo Alto,94306,4,5.0,2690.0,3680000.0,14455.0,1.0,1.0,1.0,Lowest,83.0,100.0,16.0,15.0,2012,10214.0,,
40,1220 Monte Verde Ct,Los Altos,94024,4,3.0,3001.0,3788000.0,14877.0,1.0,1.0,1.0,Lowest,96.0,10.0,3.0,,2014,10310.0,41046.0,3372421.0
41,1350 Miravalle Ave,Los Altos,94024,5,4.0,3596.0,4995000.0,19593.0,1.0,1.0,1.0,Lowest,96.0,13.0,3.0,1.0,2014,0.31,59490.0,4794967.0
42,810 S Mary Ave,Sunnyvale,94087,3,3.0,1686.0,2000000.0,7890.0,1.0,1.0,1.0,Lowest,94.0,127.0,21.0,18.0,1954,5810.0,13460.0,1118648.0
43,1939 Colony St,Mountain View,94043,2,1.0,630.0,2000000.0,7890.0,1.0,1.0,1.0,Lowest,92.0,49.0,7.0,7.0,1950,0.29,5988.0,465861.0
44,923 Oregon Ave,Palo Alto,94303,4,2.0,2062.0,2488000.0,9797.0,1.0,1.0,1.0,Lowest,90.0,18.0,6.0,,1948,8110.0,31503.0,2600604.0
45,1304 Todd St,Mountain View,94040,3,2.0,1273.0,2488000.0,9797.0,1.0,1.0,1.0,Lowest,89.0,144.0,14.0,18.0,1954,6006.0,21261.0,1681338.0
46,4206 Pomona Ave,Palo Alto,94306,5,6.0,3564.0,5380000.0,21098.0,1.0,1.0,1.0,Lowest,83.0,84.0,14.0,12.0,2021,9387.0,34685.0,2936345.0
47,530 Devonshire Ct,Mountain View,94043,3,3.0,1697.0,1936666.0,7693.0,1.0,1.0,1.0,Lowest,92.0,78.0,10.0,10.0,1998,4517.0,17717.0,1461282.0
48,89 Dalma Dr,Mountain View,94041,3,2.0,1567.0,2095000.0,8261.0,1.0,1.0,1.0,Lowest,85.0,155.0,16.0,19.0,1965,6518.0,1380.0,96272.0
49,1825 W Middlefield Rd,Mountain View,94043,4,4.0,2718.0,2998000.0,11790.0,1.0,1.0,1.0,Lowest,92.0,125.0,12.0,16.0,2002,6368.0,9540.0,757264.0
50,1860 Villa St,Mountain View,94041,3,1.0,1432.0,2198000.0,8664.0,1.0,1.0,1.0,Moderate,85.0,169.0,16.0,25.0,1950,10367.0,1484.0,104984.0
51,3344 Waverley St,Palo Alto,94306,4,3.0,2292.0,3600000.0,14142.0,1.0,1.0,1.0,Lowest,83.0,95.0,11.0,17.0,1996,6669.0,25771.0,2108057.0
52,819 Leong Dr,Mountain View,94043,3,1.0,1124.0,1499000.0,5933.0,1.0,1.0,1.0,Lowest,92.0,95.0,11.0,13.0,1954,7135.0,17073.0,1375408.0
53,847 Laburnum Dr,Sunnyvale,94086,5,3.0,2221.0,2350000.0,9258.0,1.0,1.0,1.0,Lowest,92.0,122.0,19.0,13.0,1966,6150.0,16471.0,1379323.0
54,3509 Oxford Ct,Santa Clara,95051,5,3.0,2272.0,2089950.0,8242.0,1.0,1.0,1.0,Lowest,95.0,124.0,11.0,12.0,1960,11200.0,4162.0,346294.0
55,2395 Cimarron Dr,Santa Clara,95051,4,2.0,1288.0,1350000.0,5350.0,1.0,1.0,1.0,Lowest,95.0,98.0,14.0,11.0,1968,8106.0,966.0,76612.0
56,19028 Tilson Ave,Cupertino,95014,3,1.0,1920.0,2250000.0,8867.0,1.0,1.0,1.0,Lowest,95.0,93.0,10.0,9.0,1948,0.26,1638.0,63320.0
57,10278 Judy Ave,Cupertino,95014,3,2.0,1330.0,2098000.0,8273.0,1.0,1.0,1.0,Lowest,95.0,96.0,10.0,10.0,1949,9374.0,2039.0,70155.0
58,1264 Maryann Dr,Santa Clara,95050,3,2.0,1250.0,1375000.0,5448.0,1.0,1.0,1.0,Lowest,92.0,143.0,24.0,16.0,1958,5789.0,4624.0,385299.0
59,2023 Bray Ave,Santa Clara,95050,3,1.0,1458.0,1350000.0,5350.0,1.0,1.0,1.0,Moderate,92.0,133.0,20.0,12.0,1951,7980.0,7299.0,611009.0
60,3816 Shasta Dr,Santa Clara,95051,4,2.0,1712.0,1950888.0,7698.0,1.0,1.0,1.0,Lowest,95.0,109.0,11.0,11.0,1959,7291.0,2486.0,197888.0
61,3025 Dibble Ct,Santa Clara,95051,4,2.0,1092.0,1378000.0,5459.0,1.0,1.0,1.0,Lowest,95.0,101.0,12.0,8.0,1953,6080.0,2527.0,208346.0
62,3998 Williams Rd,San Jose,95117,4,3.0,1770.0,1398000.0,5636.0,1.0,1.0,1.0,Moderate,96.0,96.0,17.0,8.0,2002,2700.0,14237.0,1028308.0
63,2066 The Alameda,San Jose,95126,4,4.0,2886.0,1590000.0,6288.0,1.0,1.0,1.0,Lowest,89.0,147.0,15.0,18.0,1923,6229.0,,
64,3062 Butte St,Santa Clara,95051,3,2.0,1800.0,1395000.0,5526.0,1.0,1.0,1.0,Lowest,95.0,164.0,18.0,17.0,1948,7670.0,791.0,61842.0
65,1021 Waterbird Way,Santa Clara,95051,4,2.0,1568.0,2268000.0,8937.0,1.0,1.0,1.0,Lowest,95.0,137.0,19.0,11.0,1961,0.32,20023.0,1677767.0
66,1523 Hester Ave,San Jose,95126,3,2.0,1552.0,1575000.0,6230.0,1.0,1.0,1.0,Lowest,89.0,117.0,31.0,32.0,1923,5423.0,11673.0,896709.0
67,2331 Rosita Ave,Santa Clara,95050,3,2.0,1140.0,1448000.0,5733.0,1.0,1.0,1.0,Lowest,92.0,142.0,29.0,29.0,1955,5963.0,17002.0,1422900.0
68,1433 Michigan Ave,Alviso,95002,3,2.0,1353.0,896900.0,3580.0,2.0,1.0,1.0,Low,94.0,23.0,1.0,5.0,1935,5959.0,6488.0,442747.0
69,754 Ridge Rd,Santa Clara,95051,4,2.0,1310.0,1399000.0,5542.0,1.0,1.0,1.0,Lowest,95.0,127.0,14.0,12.0,1955,6965.0,3931.0,326827.0
70,967 Wood Duck Ave,Santa Clara,95051,5,4.0,2506.0,2388000.0,9406.0,1.0,1.0,1.0,Lowest,95.0,134.0,19.0,11.0,1961,9722.0,21728.0,1821646.0
71,758 Chopin Dr,Sunnyvale,94087,4,3.0,1912.0,1998000.0,7882.0,1.0,1.0,1.0,Lowest,94.0,115.0,17.0,12.0,1966,6011.0,1577.0,102612.0
72,574 Rutland Ave,San Jose,95128,2,1.0,978.0,899000.0,3588.0,1.0,1.0,1.0,Moderate,94.0,100.0,20.0,28.0,1939,4957.0,12721.0,906000.0
73,2404 Tulip Rd,San Jose,95128,3,1.0,1040.0,1250000.0,4959.0,1.0,1.0,1.0,Lowest,94.0,164.0,31.0,34.0,1950,5462.0,5498.0,360550.0
74,3575 Mauricia Ave,Santa Clara,95051,4,4.0,3255.0,2988888.0,11755.0,1.0,1.0,1.0,Lowest,95.0,108.0,14.0,13.0,2019,6059.0,25211.0,2106000.0
75,1478 S Wolfe Rd,Sunnyvale,94087,3,2.0,1102.0,1498000.0,5928.0,1.0,1.0,1.0,Lowest,94.0,108.0,14.0,13.0,1950,7352.0,17921.0,1508580.0
76,2949 Miles Dr,Santa Clara,95051,3,2.0,1398.0,1598000.0,6319.0,,1.0,1.0,Lowest,95.0,131.0,14.0,15.0,1957,6599.0,5281.0,440774.0
77,2240 Maywood Ave,San Jose,95128,5,4.0,3711.0,2688888.0,10582.0,1.0,1.0,1.0,Low,94.0,132.0,22.0,31.0,2018,7927.0,20385.0,1626145.0
78,2300 Regina Ct,Santa Clara,95054,4,2.0,2494.0,1600000.0,6327.0,1.0,1.0,1.0,Lowest,91.0,118.0,7.0,17.0,1977,0.38,5419.0,445381.0
79,606 Santa Cruz Ter,Sunnyvale,94085,3,3.0,1384.0,1498000.0,5986.0,1.0,1.0,1.0,Low,91.0,120.0,13.0,24.0,2000,3388.0,,
80,690 Persian Dr #52,Sunnyvale,94089,3,2.0,1825.0,409900.0,1677.0,1.0,1.0,1.0,Low,96.0,56.0,7.0,4.0,,,,
81,1029 Reed Ave,Sunnyvale,94086,3,2.0,1234.0,1550000.0,6132.0,1.0,1.0,1.0,Low,92.0,125.0,18.0,11.0,1969,4691.0,18571.0,1560600.0
82,683 Toyon Ave,Sunnyvale,94086,3,2.0,1674.0,1888000.0,7452.0,1.0,1.0,1.0,Low,92.0,114.0,20.0,10.0,1964,5558.0,11817.0,987148.0
83,872 Laurie Ave,Santa Clara,95054,3,2.0,2172.0,1498888.0,5932.0,1.0,1.0,1.0,Lowest,91.0,75.0,5.0,1.0,1961,6443.0,1722.0,132902.0
84,1084 Fuchsia Dr,Sunnyvale,94086,4,3.0,2093.0,2088000.0,8234.0,1.0,1.0,1.0,Lowest,92.0,119.0,21.0,8.0,1970,7026.0,7447.0,625753.0
85,839 Gail Ave,Sunnyvale,94086,3,2.0,1950.0,1799000.0,7104.0,1.0,1.0,1.0,Lowest,92.0,117.0,17.0,11.0,1993,5993.0,528.0,42612.0
86,19651 Drake Dr,Cupertino,95014,3,3.0,2254.0,2098800.0,8277.0,1.0,1.0,1.0,Lowest,95.0,112.0,13.0,12.0,1962,10223.0,6081.0,444183.0
87,18833 Tuggle Ave,Cupertino,95014,4,3.0,1941.0,2995000.0,11778.0,1.0,1.0,1.0,Lowest,95.0,85.0,8.0,10.0,2021,5353.0,20403.0,1632000.0
88,1825 Worthington Cir,Santa Clara,95050,4,3.0,2717.0,2190000.0,8728.0,1.0,1.0,1.0,Lowest,92.0,137.0,32.0,31.0,2014,3502.0,20804.0,1729757.0
89,3679 De La Cruz Blvd,Santa Clara,95054,4,3.0,1865.0,1498000.0,5928.0,1.0,1.0,1.0,Lowest,91.0,79.0,7.0,2.0,1969,6272.0,8188.0,678492.0
90,2563 Crystal Dr,Santa Clara,95051,3,1.0,897.0,1280000.0,5076.0,1.0,1.0,1.0,Lowest,95.0,105.0,17.0,13.0,1954,5566.0,3353.0,275727.0
91,1851 Forest Ave,San Jose,95128,3,2.0,1622.0,1495000.0,5917.0,1.0,1.0,1.0,Low,94.0,155.0,35.0,39.0,1987,6000.0,13145.0,1023169.0
92,546 Rutland Ave,San Jose,95128,3,2.0,1707.0,1199000.0,4760.0,1.0,1.0,1.0,Low,94.0,110.0,21.0,33.0,1938,6059.0,8858.0,582409.0
93,590 Monroe St,Santa Clara,95050,5,3.0,1907.0,1988000.0,7844.0,1.0,1.0,1.0,Low,92.0,117.0,17.0,14.0,1905,10650.0,20539.0,1727812.0
94,809 Lippert Pl,Santa Clara,95050,3,3.0,1410.0,1530000.0,6264.0,1.0,1.0,1.0,Lowest,92.0,134.0,14.0,16.0,2008,997.0,11244.0,947126.0
95,3560 Mauricia Ave,Santa Clara,95051,4,4.0,2200.0,2679000.0,10543.0,1.0,1.0,1.0,Lowest,95.0,109.0,12.0,11.0,2021,6743.0,3203.0,231223.0
96,1511 Harrison St,Santa Clara,95050,3,1.0,1679.0,1000000.0,3983.0,1.0,1.0,1.0,High,92.0,124.0,23.0,14.0,1900,6425.0,582.0,36698.0
97,412 Vaughn Ave,San Jose,95128,2,1.0,752.0,815000.0,3260.0,1.0,1.0,1.0,Moderate,94.0,154.0,34.0,39.0,1930,4125.0,6653.0,416899.0
98,4882 Miramar Ave,San Jose,95129,3,2.0,1188.0,1299000.0,5151.0,1.0,1.0,1.0,Lowest,96.0,113.0,14.0,12.0,1956,5514.0,5774.0,351298.0
99,311 S Fair Oaks Ave,Sunnyvale,94086,3,2.0,1140.0,1348000.0,5342.0,1.0,1.0,1.0,Lowest,92.0,151.0,21.0,25.0,1910,5575.0,6390.0,520008.0
100,1166 Warburton Ave,Santa Clara,95050,3,2.0,880.0,1150000.0,4569.0,1.0,1.0,1.0,Low,92.0,123.0,20.0,12.0,1900,4499.0,2246.0,177090.0
101,1138 Doyle Cir,Santa Clara,95054,5,4.0,2645.0,2180000.0,8734.0,1.0,1.0,1.0,Lowest,91.0,99.0,6.0,9.0,2002,3550.0,14018.0,1177488.0
102,6571 Capri Way,San Jose,95129,3,2.0,1371.0,2000000.0,7890.0,1.0,1.0,1.0,Lowest,96.0,132.0,16.0,7.0,1957,6446.0,2343.0,78953.0
103,2643 Toledo Ave,Santa Clara,95051,3,2.0,1657.0,1688000.0,6671.0,1.0,1.0,1.0,Lowest,95.0,138.0,20.0,13.0,1954,5336.0,16044.0,1342000.0
104,793 Park Ct,Santa Clara,95050,4,2.0,1357.0,1248000.0,4952.0,1.0,1.0,1.0,Lowest,92.0,127.0,26.0,20.0,1924,5000.0,14326.0,1196460.0
105,1062 Castleton Way,Sunnyvale,94087,4,2.0,2113.0,2100000.0,8281.0,1.0,1.0,1.0,Lowest,94.0,127.0,20.0,11.0,1973,6642.0,1217.0,100719.0
106,627 Bucher Ave,Santa Clara,95051,3,2.0,1355.0,1495998.0,5921.0,1.0,1.0,1.0,Lowest,95.0,103.0,18.0,12.0,1954,5301.0,11804.0,991239.0
107,2059 Monroe St,Santa Clara,95050,4,1.0,1405.0,1399000.0,5542.0,1.0,1.0,1.0,Lowest,92.0,103.0,16.0,9.0,1954,5000.0,5819.0,485586.0
108,812 Inverness Way,Sunnyvale,94087,3,2.0,1519.0,1998000.0,7882.0,1.0,1.0,1.0,Lowest,94.0,107.0,15.0,16.0,1960,6046.0,16451.0,1361039.0
109,2341 Fatjo Pl,Santa Clara,95050,3,1.0,1021.0,1198000.0,4757.0,1.0,1.0,1.0,Lowest,92.0,145.0,22.0,14.0,1950,5850.0,6120.0,511577.0
110,685 Lakebird Dr,Sunnyvale,94089,3,2.0,1501.0,1399000.0,5542.0,1.0,1.0,1.0,Lowest,96.0,70.0,10.0,5.0,1983,6821.0,2609.0,200878.0
111,752 Scott Blvd,Santa Clara,95050,4,2.0,1830.0,1499950.0,5936.0,1.0,1.0,1.0,Lowest,92.0,133.0,20.0,16.0,1947,7640.0,17401.0,1456560.0
112,10165 Vicksburg Dr,Cupertino,95014,4,3.0,1760.0,2200000.0,8672.0,1.0,1.0,1.0,Lowest,95.0,143.0,17.0,10.0,1962,0.35,8341.0,606829.0
113,2050 Coolidge Dr,Santa Clara,95051,3,2.0,1181.0,1479000.0,5854.0,1.0,1.0,1.0,Lowest,95.0,115.0,16.0,11.0,1963,5998.0,15346.0,1290096.0
114,207 Ripley St,San Francisco,94110,3,2.0,2010.0,2200000.0,8488.0,1.0,1.0,,Lowest,40.0,555.0,145.0,141.0,,2495.0,,
115,187 Skyview Way,San Francisco,94131,3,2.0,1868.0,1395000.0,5410.0,1.0,1.0,,Lowest,59.0,259.0,42.0,63.0,1956,3371.0,18163.0,1456560.0
116,2660 Scott St,San Francisco,94123,7,6.0,9190.0,19200000.0,73501.0,1.0,1.0,,Lowest,59.0,538.0,92.0,175.0,1908,5623.0,171806.0,14269573.0
117,18 Lapidge St,San Francisco,94110,2,1.0,1083.0,1195000.0,4645.0,1.0,1.0,,Low,40.0,944.0,175.0,364.0,1909,2000.0,3024.0,182057.0
118,871 Foerster St,San Francisco,94127,4,4.0,2996.0,2097000.0,8095.0,1.0,1.0,,Lowest,71.0,177.0,31.0,27.0,1981,2957.0,18007.0,1373695.0
119,529 Wildwood Way,San Francisco,94112,3,3.0,1642.0,1495000.0,5793.0,1.0,1.0,,Lowest,62.0,155.0,35.0,20.0,1955,3036.0,14775.0,1166880.0
120,881 Foerster St,San Francisco,94127,3,2.0,1590.0,1775000.0,6863.0,1.0,1.0,,Lowest,71.0,177.0,31.0,27.0,,5283.0,7113.0,591293.0
121,918 Divisadero St,San Francisco,94115,7,5.0,5041.0,4900000.0,18814.0,1.0,1.0,,Lowest,49.0,773.0,135.0,275.0,1890,2500.0,4440.0,315707.0
122,762 29th Ave,San Francisco,94121,3,3.0,1804.0,1795000.0,6939.0,1.0,1.0,,Lowest,60.0,238.0,44.0,31.0,1923,2996.0,11288.0,878599.0
123,560 Vienna St,San Francisco,94112,2,2.0,1125.0,849000.0,3322.0,1.0,1.0,,Lowest,62.0,137.0,29.0,22.0,1900,2495.0,7551.0,564089.0
124,2674 San Jose Ave,San Francisco,94112,3,2.0,1624.0,998000.0,3891.0,1.0,1.0,,Lowest,62.0,173.0,42.0,22.0,1949,2504.0,12211.0,957167.0
125,2698 Pacific Ave,San Francisco,94115,8,6.0,10734.0,25800000.0,98741.0,1.0,1.0,,Lowest,49.0,576.0,100.0,191.0,1906,8219.0,200291.0,16646400.0
126,100 San Felipe Ave,San Francisco,94127,4,4.0,3465.0,2495000.0,9616.0,1.0,1.0,,Lowest,71.0,181.0,38.0,23.0,1928,8398.0,8488.0,653516.0
127,65 Meda Ave,San Francisco,94112,4,3.0,1987.0,1499000.0,5808.0,1.0,1.0,,Lowest,62.0,162.0,34.0,25.0,1923,1663.0,19558.0,1565983.0
128,1567 24th Ave,San Francisco,94122,2,2.0,1500.0,1299000.0,5042.0,1.0,1.0,,Lowest,63.0,227.0,32.0,32.0,1938,3000.0,13040.0,1022135.0
129,2430 26th Ave,San Francisco,94116,4,4.0,2648.0,2495000.0,9616.0,1.0,1.0,,Lowest,67.0,162.0,29.0,23.0,1925,3000.0,14439.0,1141500.0
130,50 Oakwood St,San Francisco,94110,5,5.0,4665.0,7850000.0,30096.0,1.0,1.0,,Moderate,40.0,917.0,176.0,355.0,1900,2750.0,,
131,1742 28th Ave,San Francisco,94122,4,3.0,1969.0,1895000.0,7322.0,1.0,1.0,,Lowest,63.0,207.0,33.0,28.0,1939,2962.0,6981.0,527747.0
132,1260 Monterey Blvd,San Francisco,94127,4,4.0,3600.0,3195000.0,12294.0,1.0,1.0,,Lowest,71.0,183.0,37.0,23.0,1928,4917.0,33043.0,2702355.0
133,674 29th St,San Francisco,94131,2,3.0,,1495000.0,5793.0,1.0,1.0,,Lowest,59.0,340.0,86.0,82.0,1910,2848.0,2993.0,179507.0
134,245 Lakeshore Dr,San Francisco,94132,4,2.0,1774.0,1695000.0,6557.0,1.0,1.0,,Lowest,68.0,91.0,15.0,11.0,1955,3135.0,7725.0,578641.0
135,243 Hearst Ave,San Francisco,94131,3,2.0,1415.0,1259000.0,4890.0,1.0,1.0,,Lowest,59.0,178.0,36.0,28.0,1925,2813.0,13071.0,1035880.0
136,2523 Pacific Ave,San Francisco,94115,5,7.0,8520.0,14300000.0,54762.0,1.0,1.0,,Lowest,49.0,602.0,110.0,205.0,1903,5114.0,36522.0,2992662.0
137,341 San Fernando Way,San Francisco,94127,5,4.0,2738.0,1890000.0,7328.0,1.0,1.0,,Lowest,71.0,196.0,35.0,24.0,1927,4029.0,20141.0,1167328.0
138,1934 30th Ave,San Francisco,94116,2,1.0,1709.0,1295000.0,5027.0,1.0,1.0,,Lowest,67.0,175.0,31.0,28.0,1940,2996.0,1785.0,94160.0
139,2830 22nd St,San Francisco,94110,2,2.0,1090.0,1089000.0,4240.0,1.0,1.0,,Low,40.0,785.0,163.0,265.0,1900,2596.0,,
140,272 Broad St,San Francisco,94112,4,2.0,1352.0,999999.0,3899.0,1.0,1.0,,Lowest,62.0,157.0,33.0,18.0,1908,2487.0,4574.0,379437.0
141,207 Thornton Ave,San Francisco,94124,3,2.0,1175.0,875000.0,3422.0,1.0,2.0,,Lowest,64.0,179.0,63.0,24.0,1916,2500.0,5044.0,418614.0
142,135 Alpha St,San Francisco,94134,2,1.0,1110.0,798000.0,3127.0,1.0,1.0,,Lowest,71.0,73.0,34.0,10.0,1962,2326.0,2234.0,116146.0
143,917 Bryant St,San Francisco,94103,2,2.0,3550.0,3488000.0,13414.0,1.0,1.0,,Highest,32.0,1591.0,205.0,589.0,1924,2265.0,,
144,528 Noe St,San Francisco,94114,4,5.0,,3600000.0,13842.0,1.0,1.0,,Moderate,51.0,782.0,155.0,269.0,,0.0,,
145,2346 41st Ave,San Francisco,94116,3,2.0,1174.0,1195000.0,4645.0,1.0,1.0,,Lowest,67.0,100.0,16.0,17.0,1955,2996.0,1668.0,73260.0
146,1282 Stanyan St,San Francisco,94117,3,2.0,1977.0,2185000.0,8431.0,1.0,1.0,,Lowest,40.0,305.0,54.0,82.0,1907,2250.0,24014.0,1942009.0
147,123 Bernard St,San Francisco,94109,3,2.0,2100.0,1777888.0,6874.0,1.0,1.0,,Lowest,34.0,1811.0,340.0,596.0,1951,1380.0,7319.0,555968.0
148,51 Verna St,San Francisco,94127,2,1.0,1085.0,1198000.0,4657.0,1.0,1.0,,Lowest,71.0,163.0,31.0,24.0,1959,2617.0,13525.0,1073812.0
149,1507 Diamond St,San Francisco,94131,4,3.0,2130.0,2395000.0,9234.0,1.0,1.0,,Lowest,59.0,381.0,94.0,106.0,1912,2622.0,21369.0,1717116.0
150,898 Francisco St,San Francisco,94109,6,7.0,6305.0,9950000.0,38126.0,1.0,1.0,,Low,34.0,986.0,232.0,344.0,1914,5832.0,104186.0,8684043.0
151,3755 20th St,San Francisco,94110,4,3.0,3900.0,4195000.0,16118.0,1.0,1.0,,Lowest,40.0,824.0,154.0,303.0,1889,0.0,24806.0,2015066.0
152,114 College Ave,San Francisco,94112,3,2.0,1950.0,1475000.0,5716.0,1.0,1.0,,Low,62.0,310.0,74.0,64.0,1916,1950.0,,
153,148 Huntington Dr,San Francisco,94132,3,1.0,1215.0,1195000.0,4645.0,1.0,1.0,,Lowest,68.0,111.0,17.0,14.0,1953,3545.0,3970.0,249573.0
154,1370 Quesada Ave,San Francisco,94124,4,2.0,1211.0,860000.0,3364.0,1.0,2.0,,Moderate,64.0,143.0,52.0,14.0,1955,2495.0,1656.0,52541.0
155,722 Madrid St,San Francisco,94112,4,3.0,2119.0,1249000.0,4851.0,1.0,1.0,,Lowest,62.0,147.0,31.0,23.0,1928,2495.0,5466.0,401359.0
156,1858 Church St,San Francisco,94131,5,5.0,3637.0,4750000.0,18240.0,1.0,1.0,,Lowest,59.0,419.0,100.0,95.0,,3123.0,27915.0,2263300.0
157,3311 Jackson St,San Francisco,94118,3,3.0,3026.0,5995000.0,23001.0,1.0,1.0,,Lowest,49.0,476.0,80.0,141.0,1928,2495.0,64968.0,5355000.0
158,278 Monterey Blvd #280,San Francisco,94131,8,6.0,4262.0,2998000.0,11540.0,1.0,1.0,,Lowest,59.0,185.0,37.0,31.0,2003,2486.0,,
159,1478 Church St,San Francisco,94131,4,3.0,2590.0,2295000.0,8851.0,1.0,1.0,,Lowest,59.0,601.0,127.0,177.0,1900,2077.0,8711.0,652272.0
160,325 Surrey St,San Francisco,94131,3,2.0,1514.0,1695000.0,6557.0,1.0,1.0,,Lowest,59.0,225.0,54.0,48.0,,2587.0,1338.0,45746.0
161,621 Teresita Blvd,San Francisco,94127,4,4.0,,2295000.0,8851.0,1.0,1.0,,Lowest,71.0,189.0,33.0,32.0,1962,3990.0,13504.0,1124529.0
162,2196 Jackson St,San Francisco,94115,5,5.0,5025.0,6500000.0,24933.0,1.0,1.0,,Lowest,49.0,991.0,216.0,341.0,1902,3635.0,55494.0,4575663.0
163,54 Elizabeth St #56,San Francisco,94110,2,1.0,709.0,699950.0,3100.0,1.0,1.0,,Lowest,40.0,744.0,162.0,246.0,1900,2848.0,,
164,17 Presidio Ter,San Francisco,94118,6,8.0,10040.0,20000000.0,77285.0,1.0,1.0,,Lowest,49.0,273.0,43.0,54.0,2010,0.0,105457.0,8744603.0
165,2839 Pacific Ave,San Francisco,94115,5,6.0,8650.0,16950000.0,64897.0,1.0,1.0,,Lowest,49.0,546.0,89.0,180.0,1912,5745.0,147478.0,12292177.0
166,200 Naples St,San Francisco,94112,3,3.0,2044.0,1188000.0,4618.0,1.0,1.0,,Lowest,62.0,167.0,39.0,33.0,1907,2495.0,14002.0,1050900.0
167,31 Miramar Ave,San Francisco,94112,3,2.0,2064.0,1495000.0,5793.0,1.0,1.0,,Lowest,62.0,201.0,49.0,24.0,1929,2809.0,15012.0,1186652.0
168,280 Monterey Blvd,San Francisco,94131,5,3.0,2589.0,1799000.0,6954.0,1.0,1.0,,Lowest,59.0,185.0,37.0,31.0,2003,2486.0,,
169,225 Guttenberg St,San Francisco,94112,3,2.0,1298.0,899000.0,3513.0,1.0,1.0,,Lowest,62.0,135.0,30.0,18.0,1959,2123.0,880.0,71133.0
170,4626 25th St,San Francisco,94114,4,2.0,2712.0,2998000.0,11540.0,1.0,1.0,,Lowest,51.0,294.0,64.0,88.0,1938,2748.0,24159.0,1856742.0
171,2828 Vallejo St,San Francisco,94123,8,9.0,10345.0,28000000.0,107154.0,1.0,1.0,,Lowest,59.0,444.0,76.0,137.0,1906,11343.0,9164.0,762417.0
172,1563 38th Ave,San Francisco,94122,2,1.0,1150.0,1250000.0,4855.0,1.0,1.0,,Lowest,63.0,146.0,29.0,24.0,1939,2996.0,5591.0,396282.0
173,547 Missouri St,San Francisco,94107,5,6.0,,5500000.0,21109.0,1.0,1.0,,Lowest,57.0,439.0,91.0,122.0,1900,2500.0,57118.0,4700000.0
174,150 32nd Ave,San Francisco,94121,6,4.0,4861.0,4850000.0,18623.0,1.0,1.0,,Lowest,60.0,154.0,21.0,18.0,1914,3188.0,2978.0,182556.0
175,1400 Montgomery St #1404,San Francisco,94133,6,8.0,5465.0,6995000.0,26826.0,1.0,1.0,,Lowest,27.0,1355.0,256.0,426.0,1984,1406.0,,
176,7 Juri St,San Francisco,94110,3,2.0,1577.0,2295000.0,8851.0,1.0,1.0,,Lowest,40.0,704.0,152.0,227.0,1900,2042.0,26216.0,2121564.0
177,1375 Kansas St,San Francisco,94107,3,2.0,1724.0,1649000.0,6382.0,1.0,1.0,,Lowest,57.0,615.0,143.0,173.0,1910,1873.0,2373.0,195728.0
178,3526 19th St,San Francisco,94110,4,5.0,3210.0,4500000.0,17285.0,1.0,1.0,,Moderate,40.0,928.0,169.0,345.0,2002,2500.0,,
179,378 Collingwood St,San Francisco,94114,3,3.0,2820.0,5700000.0,21874.0,1.0,1.0,,Lowest,51.0,661.0,130.0,234.0,1940,2570.0,,
180,2728 Green St,San Francisco,94123,6,6.0,6040.0,13250000.0,50747.0,1.0,1.0,,Lowest,59.0,424.0,73.0,132.0,1911,2961.0,104705.0,8666522.0
181,135 Manor Dr,San Francisco,94127,2,2.0,1212.0,1095000.0,4262.0,1.0,1.0,,Lowest,71.0,175.0,37.0,23.0,1928,2805.0,920.0,74517.0
182,4 Russian Hill Pl,San Francisco,94133,3,3.0,,5700000.0,21874.0,1.0,1.0,,Lowest,27.0,1729.0,328.0,564.0,1951,0.0,17003.0,1363941.0
183,459 & 461 Potrero Ave,San Francisco,94110,5,4.0,2592.0,1850000.0,7150.0,1.0,1.0,,Moderate,40.0,743.0,160.0,260.0,1906,2500.0,,
184,1465 York St,San Francisco,94110,4,2.0,1599.0,1699999.0,6576.0,1.0,1.0,,Low,40.0,648.0,161.0,174.0,1923,2495.0,1767.0,85646.0
185,530 Vienna St,San Francisco,94112,3,2.0,2154.0,1098000.0,4274.0,1.0,1.0,,Lowest,62.0,137.0,29.0,22.0,1926,2500.0,3505.0,237705.0
186,1010 Silliman St,San Francisco,94134,5,4.0,2417.0,1995000.0,7705.0,1.0,1.0,,Lowest,71.0,236.0,58.0,51.0,,2395.0,15526.0,1236593.0
187,3095 23rd Ave,San Francisco,94132,6,3.0,3365.0,2495000.0,9616.0,1.0,1.0,,Lowest,68.0,168.0,30.0,22.0,1936,3876.0,10302.0,793650.0
188,3878 Jackson St,San Francisco,94118,4,4.0,4609.0,7795000.0,29885.0,1.0,1.0,,Lowest,49.0,268.0,40.0,63.0,1906,2548.0,88634.0,7340912.0
189,1 Ignacio Ave,San Francisco,94124,3,3.0,2044.0,1500000.0,5812.0,1.0,2.0,,Lowest,64.0,59.0,31.0,9.0,1941,7660.0,17074.0,1362922.0
190,114 Shields St,San Francisco,94132,3,1.0,1121.0,899000.0,3513.0,1.0,1.0,,Lowest,68.0,170.0,41.0,14.0,1951,1690.0,6484.0,486271.0
191,4258 26th St,San Francisco,94131,5,5.0,3980.0,6500000.0,24933.0,1.0,1.0,,Lowest,59.0,460.0,98.0,148.0,1890,2964.0,53799.0,4434261.0
192,71 Curtis St #71A,San Francisco,94112,3,2.0,2177.0,1198000.0,4657.0,1.0,1.0,,High,62.0,140.0,27.0,18.0,1925,2495.0,17000.0,1352520.0
193,224 Sea Cliff Ave,San Francisco,94121,6,7.0,7170.0,17500000.0,67000.0,1.0,1.0,,Lowest,60.0,174.0,26.0,23.0,1926,8150.0,122661.0,9270259.0
194,115 Highland Ave,San Francisco,94110,3,3.0,1920.0,1688000.0,6530.0,1.0,1.0,,Moderate,40.0,433.0,101.0,84.0,1906,2495.0,6702.0,493269.0
195,928 Castro St,San Francisco,94114,3,3.0,1850.0,2500000.0,9636.0,1.0,1.0,,Lowest,51.0,615.0,123.0,206.0,1908,2622.0,7559.0,575934.0
196,2555 Union St,San Francisco,94123,4,4.0,6024.0,14200000.0,54379.0,1.0,1.0,,Lowest,59.0,491.0,80.0,157.0,2006,3867.0,129201.0,10714653.0
197,176 Merced Ave,San Francisco,94127,2,2.0,1674.0,1475000.0,5716.0,1.0,1.0,,Lowest,71.0,119.0,15.0,20.0,1950,3123.0,17486.0,1404277.0
198,1163 Shotwell St #1165,San Francisco,94110,5,5.0,4021.0,4195000.0,16118.0,1.0,1.0,,Moderate,40.0,701.0,163.0,196.0,1900,3206.0,,
199,2306 Geary Blvd,San Francisco,94115,4,3.0,2050.0,1299000.0,5042.0,1.0,1.0,,Low,49.0,652.0,117.0,218.0,1904,0.0,12362.0,965528.0
200,1710 Diamond St,San Francisco,94131,4,5.0,3645.0,4498800.0,17280.0,1.0,1.0,,Lowest,59.0,343.0,83.0,88.0,2014,2027.0,48914.0,4011122.0
201,89 Bitting Ave,San Francisco,94124,3,2.0,1394.0,995000.0,3902.0,1.0,2.0,,Lowest,64.0,171.0,69.0,22.0,1999,2006.0,8354.0,642278.0
202,1286 26th Ave,San Francisco,94122,3,3.0,2533.0,1899000.0,7337.0,1.0,1.0,,Lowest,63.0,272.0,39.0,38.0,1913,2375.0,13493.0,1059954.0
203,476 Hickory St,San Francisco,94102,2,2.0,1400.0,1695000.0,6557.0,1.0,1.0,,Moderate,19.0,1299.0,217.0,521.0,1900,900.0,22744.0,1836000.0
204,44 Stonecrest Dr,San Francisco,94132,4,5.0,4084.0,3386000.0,13024.0,1.0,1.0,,Lowest,68.0,186.0,32.0,23.0,1939,9626.0,12805.0,1013670.0
205,2232 Bush St,San Francisco,94115,4,4.0,6374.0,6200000.0,23786.0,1.0,1.0,,Low,49.0,965.0,180.0,334.0,1919,3188.0,27374.0,2217975.0
206,706 18th Ave,San Francisco,94121,4,2.0,2003.0,1868888.0,7222.0,1.0,1.0,,Lowest,60.0,404.0,56.0,66.0,1922,2063.0,7194.0,541157.0
207,2780 Broadway St,San Francisco,94115,4,6.0,6000.0,19995000.0,76541.0,1.0,1.0,,Lowest,49.0,458.0,77.0,151.0,1962,3461.0,222621.0,18509588.0
208,2831 Kirkham St,San Francisco,94122,3,2.0,1828.0,1295000.0,5027.0,1.0,1.0,,Lowest,63.0,169.0,29.0,23.0,1935,3000.0,14297.0,1127050.0
209,71 Marston Ave,San Francisco,94112,6,6.0,2520.0,1788000.0,6912.0,1.0,1.0,,Lowest,62.0,166.0,36.0,25.0,1926,2809.0,8585.0,661563.0
210,224 Laidley St,San Francisco,94131,4,5.0,,6195000.0,23766.0,1.0,1.0,,Lowest,59.0,361.0,81.0,70.0,,1999.0,29672.0,2405600.0
211,918 Kansas St,San Francisco,94107,4,4.0,3200.0,3200000.0,12313.0,1.0,1.0,,Lowest,57.0,730.0,148.0,248.0,1957,5505.0,18876.0,1509124.0
212,405 Beacon St,San Francisco,94131,3,2.0,1309.0,1595000.0,6175.0,1.0,1.0,,Lowest,59.0,294.0,78.0,75.0,1970,4183.0,11670.0,919006.0
213,461 Melrose Ave,San Francisco,94127,3,4.0,2525.0,2400000.0,9253.0,1.0,1.0,,Lowest,71.0,164.0,30.0,26.0,,2500.0,12385.0,1020000.0
214,4353 17th St,San Francisco,94114,1,1.0,685.0,899000.0,3513.0,1.0,1.0,,Lowest,51.0,496.0,98.0,166.0,1909,1123.0,12427.0,971003.0
215,685 Capp St,San Francisco,94110,3,2.0,1496.0,1295000.0,5027.0,1.0,1.0,,Moderate,40.0,825.0,168.0,294.0,1900,1084.0,5042.0,350438.0
216,254 20th Ave,San Francisco,94121,4,4.0,3257.0,3495000.0,13440.0,1.0,1.0,,Lowest,60.0,273.0,40.0,52.0,1912,3000.0,41130.0,3366000.0
217,1785 Alabama St #1785,San Francisco,94110,3,2.0,1400.0,1299000.0,5042.0,1.0,1.0,,Lowest,40.0,540.0,143.0,131.0,1909,1999.0,,
218,517 Nevada St,San Francisco,94110,4,2.0,1645.0,1295000.0,5027.0,1.0,1.0,,Lowest,40.0,339.0,104.0,71.0,1900,1750.0,1954.0,101324.0
219,2258 26th Ave,San Francisco,94116,3,2.0,2193.0,1695000.0,6557.0,1.0,1.0,,Lowest,67.0,169.0,31.0,24.0,1927,2996.0,1727.0,89308.0
220,69 Pearl St,San Francisco,94103,4,3.0,1763.0,1348000.0,5555.0,1.0,1.0,,Moderate,32.0,1163.0,214.0,471.0,1907,,,
221,319 22nd Ave,San Francisco,94121,4,3.0,2311.0,2250000.0,8679.0,1.0,1.0,,Lowest,60.0,270.0,39.0,52.0,1906,3000.0,12120.0,956558.0
222,275 Shipley St,San Francisco,94107,3,4.0,2915.0,4000000.0,15372.0,1.0,1.0,,High,57.0,1831.0,236.0,602.0,1906,3750.0,25736.0,2017606.0
223,2707 Larkin St,San Francisco,94109,4,8.0,5371.0,11500000.0,44054.0,1.0,1.0,,Lowest,34.0,991.0,240.0,354.0,1900,3713.0,38586.0,3153663.0
224,542 Rhode Island St,San Francisco,94107,3,2.0,,2398000.0,9246.0,1.0,1.0,,Lowest,57.0,909.0,150.0,315.0,1938,2500.0,19591.0,1512793.0
225,454 Greenwich St,San Francisco,94133,2,2.0,1700.0,2500000.0,9636.0,1.0,1.0,,Lowest,27.0,1306.0,254.0,410.0,1928,1202.0,23832.0,1929479.0
226,17 Guy Pl,San Francisco,94105,8,9.0,7680.0,15000000.0,57439.0,1.0,1.0,,Moderate,40.0,1562.0,272.0,497.0,2020,0.0,,
227,2178 18th Ave,San Francisco,94116,5,5.0,2764.0,2168000.0,8366.0,1.0,1.0,,Lowest,67.0,221.0,33.0,26.0,1928,3606.0,25507.0,2069348.0
228,849 Sanchez St,San Francisco,94114,3,4.0,2925.0,5195000.0,19943.0,1.0,1.0,,Lowest,51.0,723.0,147.0,245.0,1938,2212.0,53978.0,4437969.0
229,1254 Quesada Ave,San Francisco,94124,4,2.0,1515.0,799000.0,3130.0,1.0,2.0,,Moderate,64.0,99.0,42.0,13.0,1966,2500.0,6583.0,483355.0
230,700 Victoria St,San Francisco,94127,3,2.0,2075.0,1800000.0,6959.0,1.0,1.0,,Lowest,71.0,173.0,38.0,21.0,1923,6185.0,1029.0,83605.0
231,9 Apollo St,San Francisco,94124,3,1.0,987.0,798000.0,3127.0,1.0,2.0,,Lowest,64.0,181.0,69.0,26.0,1943,1642.0,9121.0,695088.0
232,31 Lobos St,San Francisco,94112,3,2.0,1726.0,1159000.0,4507.0,1.0,1.0,,Lowest,62.0,168.0,41.0,20.0,1974,3123.0,1034.0,84019.0
233,1787 Alabama St #1787,San Francisco,94110,2,1.0,1200.0,899000.0,3513.0,1.0,1.0,,Lowest,40.0,540.0,143.0,131.0,1909,1999.0,,
234,8 Mateo St,San Francisco,94131,3,3.0,,1550000.0,6002.0,1.0,1.0,,Lowest,59.0,289.0,73.0,63.0,1900,2796.0,20187.0,1629643.0
235,1244 16th Ave,San Francisco,94122,4,2.0,,1965000.0,7590.0,1.0,1.0,,Lowest,63.0,291.0,42.0,42.0,1908,2500.0,7253.0,539235.0
236,6 San Pablo Ave,San Francisco,94127,5,6.0,3992.0,3290000.0,12824.0,1.0,1.0,,Lowest,71.0,153.0,29.0,21.0,1926,5248.0,24299.0,1961562.0
237,4319 25th St,San Francisco,94114,4,5.0,2893.0,3995000.0,15353.0,1.0,1.0,,Lowest,51.0,435.0,93.0,135.0,1903,3036.0,23758.0,1920600.0
238,21 Roscoe St,San Francisco,94110,2,2.0,1191.0,1349000.0,5234.0,1.0,1.0,,Low,40.0,305.0,78.0,64.0,1900,1261.0,2648.0,218654.0
239,2510 Steiner St,San Francisco,94115,2,3.0,1823.0,5500000.0,21109.0,1.0,1.0,,Lowest,49.0,670.0,124.0,221.0,1870,3266.0,42605.0,3552690.0
240,276 Ripley St,San Francisco,94110,4,4.0,2458.0,3295000.0,12676.0,1.0,1.0,,Lowest,40.0,532.0,143.0,121.0,1914,6298.0,,
241,2360 30th Ave,San Francisco,94116,3,3.0,1924.0,1395000.0,5410.0,1.0,1.0,,Lowest,67.0,176.0,30.0,24.0,1915,3000.0,2913.0,415928.0
242,199 Marina Blvd,San Francisco,94123,4,3.0,2897.0,4999888.0,19196.0,1.0,1.0,,Low,59.0,356.0,66.0,121.0,1937,3240.0,,
243,277 Bradford St,San Francisco,94110,3,2.0,1268.0,1695000.0,6557.0,1.0,1.0,,Lowest,40.0,403.0,120.0,76.0,1962,1751.0,15899.0,1260710.0
244,2950 Pacific Ave,San Francisco,94115,8,13.0,20000.0,29500000.0,112891.0,1.0,1.0,,Lowest,49.0,482.0,81.0,155.0,1907,12209.0,201865.0,16777696.0
245,1767 43rd Ave,San Francisco,94122,3,2.0,1525.0,1449000.0,5616.0,1.0,1.0,,Lowest,63.0,70.0,14.0,16.0,1945,2909.0,11441.0,884340.0
246,528 Nevada St,San Francisco,94110,3,3.0,2262.0,1649000.0,6382.0,1.0,1.0,,Lowest,40.0,339.0,104.0,71.0,1998,1751.0,10894.0,854232.0
247,72 Bruce Ave #72,San Francisco,94112,7,4.0,2416.0,1588000.0,6148.0,1.0,1.0,,Lowest,62.0,182.0,38.0,23.0,1908,2809.0,9904.0,760504.0
248,2166 20th Ave,San Francisco,94116,5,4.0,2481.0,1848888.0,7145.0,1.0,1.0,,Lowest,67.0,209.0,30.0,24.0,1930,3001.0,12308.0,915715.0
249,420 Buchanan St,San Francisco,94102,2,1.0,,1995000.0,7705.0,1.0,1.0,,Low,19.0,1242.0,215.0,497.0,1895,1575.0,11328.0,938773.0
250,722 Girard St,San Francisco,94134,5,3.0,2480.0,1199000.0,4660.0,1.0,1.0,,Moderate,71.0,135.0,50.0,17.0,1907,3998.0,13665.0,1020000.0
251,446 23rd Ave,San Francisco,94121,3,2.0,1800.0,1889000.0,7299.0,1.0,1.0,,Lowest,60.0,314.0,51.0,55.0,1916,2996.0,12362.0,979984.0
252,1901 Scott St,San Francisco,94115,5,7.0,,12800000.0,49026.0,1.0,1.0,,Lowest,49.0,735.0,130.0,249.0,1870,18905.0,61628.0,5087476.0
253,2070 Pine St,San Francisco,94115,5,4.0,4400.0,5590000.0,21453.0,1.0,1.0,,Lowest,49.0,1157.0,213.0,429.0,1900,2347.0,,
254,10 Sea Cliff Ave,San Francisco,94121,4,4.0,3420.0,7200000.0,27610.0,1.0,1.0,,Lowest,60.0,197.0,34.0,36.0,1915,3497.0,18331.0,1467818.0
255,2533 Folsom St,San Francisco,94110,4,4.0,2558.0,3250000.0,12504.0,1.0,1.0,,Moderate,40.0,870.0,170.0,307.0,1900,5540.0,30693.0,2506280.0
256,17 Olympia Way,San Francisco,94131,5,3.0,1533.0,1498000.0,5805.0,1.0,1.0,,Lowest,59.0,214.0,31.0,44.0,1956,2949.0,11226.0,881935.0
257,2936 Scott St,San Francisco,94123,6,5.0,5780.0,8500000.0,32581.0,1.0,1.0,,Lowest,59.0,491.0,81.0,159.0,1909,3803.0,30403.0,2470917.0
258,3259 Clay St #3261,San Francisco,94115,6,7.0,6000.0,8995000.0,34474.0,1.0,1.0,,Lowest,49.0,479.0,84.0,146.0,1912,3681.0,,
259,2700 Pierce St,San Francisco,94123,6,7.0,6945.0,12100000.0,46349.0,1.0,1.0,,Lowest,59.0,562.0,98.0,189.0,1907,5262.0,120214.0,9964760.0
260,1324 20th St,San Francisco,94107,2,1.0,1000.0,1295000.0,5027.0,1.0,1.0,,Lowest,57.0,400.0,84.0,104.0,1925,1646.0,17748.0,1426101.0
261,2755 Fillmore St,San Francisco,94123,4,5.0,5142.0,13999000.0,53611.0,1.0,1.0,,Lowest,59.0,656.0,123.0,224.0,1986,3000.0,169306.0,14061005.0
262,533 Laidley St,San Francisco,94131,4,4.0,3310.0,3695000.0,14206.0,1.0,1.0,,Low,59.0,261.0,63.0,57.0,2012,2495.0,36550.0,2983840.0
263,2 Everson St,San Francisco,94131,4,6.0,6230.0,12000000.0,45966.0,1.0,1.0,,Lowest,59.0,339.0,83.0,74.0,1971,9962.0,58891.0,4843577.0
264,1547 Revere Ave,San Francisco,94124,5,4.0,2614.0,1388000.0,5383.0,1.0,2.0,,Moderate,64.0,166.0,58.0,23.0,1925,2495.0,8541.0,568115.0
265,2626 Filbert St,San Francisco,94123,4,5.0,4185.0,15980000.0,61187.0,1.0,1.0,,Lowest,59.0,404.0,66.0,135.0,2016,3850.0,91079.0,7529418.0
266,2640 Jackson St,San Francisco,94115,9,8.0,7772.0,14950000.0,57248.0,1.0,1.0,,Lowest,49.0,598.0,109.0,204.0,1889,5819.0,7291.0,549407.0
267,2956 19th Ave,San Francisco,94132,4,3.0,2512.0,1948888.0,7528.0,1.0,1.0,,Lowest,68.0,174.0,30.0,23.0,1936,4305.0,10069.0,797874.0
268,3132 Laguna St,San Francisco,94123,2,1.0,,1795000.0,6939.0,1.0,1.0,,Low,59.0,716.0,162.0,250.0,1900,2125.0,12514.0,978221.0
269,749 Guerrero St,San Francisco,94110,3,2.0,1575.0,1799000.0,6954.0,1.0,1.0,,Lowest,40.0,883.0,169.0,329.0,1909,2430.0,22033.0,1772480.0
270,166 Highland Ave,San Francisco,94110,4,2.0,1909.0,1495000.0,5793.0,1.0,1.0,,Moderate,40.0,400.0,96.0,79.0,1900,2495.0,19790.0,1581000.0
271,534 Valley St,San Francisco,94131,4,4.0,,3995000.0,15353.0,1.0,1.0,,Lowest,59.0,377.0,91.0,101.0,,2848.0,19400.0,1557000.0
272,42 Cameo Way,San Francisco,94131,4,3.0,2518.0,2295000.0,8851.0,1.0,1.0,,Lowest,59.0,170.0,40.0,42.0,1962,3998.0,14102.0,1110729.0
273,35 Broadmoor Dr,San Francisco,94132,5,4.0,2719.0,2800000.0,10789.0,1.0,1.0,,Lowest,68.0,190.0,34.0,22.0,1942,6059.0,11105.0,871868.0
274,875 Francisco St,San Francisco,94109,4,5.0,6330.0,13500000.0,51703.0,1.0,1.0,,Lowest,34.0,986.0,232.0,344.0,1915,3576.0,22814.0,1901309.0
275,617 York St,San Francisco,94110,2,1.0,1051.0,1200000.0,4664.0,1.0,1.0,,Lowest,40.0,929.0,159.0,331.0,1900,2495.0,4140.0,279525.0
276,214 States St,San Francisco,94114,3,,1500.0,1495000.0,5793.0,1.0,1.0,,Lowest,51.0,590.0,116.0,216.0,1910,3123.0,13216.0,1036821.0
277,942 Ingerson Ave,San Francisco,94124,3,2.0,,925000.0,3612.0,1.0,2.0,,Low,64.0,83.0,40.0,11.0,1900,2495.0,6853.0,510063.0
278,3690 21st St,San Francisco,94114,2,4.0,4700.0,11850000.0,45392.0,1.0,1.0,,Lowest,51.0,751.0,154.0,256.0,1930,5985.0,68236.0,5638835.0
279,461 Allison St,San Francisco,94112,2,1.0,925.0,795000.0,3115.0,1.0,1.0,,Lowest,62.0,115.0,25.0,16.0,1962,3219.0,6828.0,503834.0
280,1526 Palou Ave,San Francisco,94124,4,4.0,2138.0,998000.0,3891.0,1.0,2.0,,High,64.0,177.0,62.0,24.0,1914,2495.0,8968.0,689345.0
281,1183 Munich St,San Francisco,94112,2,1.0,1272.0,1050000.0,4090.0,1.0,1.0,,Lowest,62.0,128.0,27.0,16.0,1927,2848.0,8246.0,622092.0
282,929 Rhode Island St,San Francisco,94107,5,3.0,2394.0,1859000.0,7184.0,1.0,1.0,,Lowest,57.0,708.0,143.0,233.0,1904,4511.0,12905.0,1022017.0
283,283 Ramsell St,San Francisco,94132,2,1.0,1000.0,829000.0,3245.0,1.0,1.0,,Lowest,68.0,153.0,39.0,14.0,1941,2495.0,7578.0,540466.0
284,140 Everglade Dr,San Francisco,94132,4,2.0,2092.0,1595000.0,6175.0,1.0,1.0,,Lowest,68.0,141.0,22.0,20.0,1951,3219.0,6965.0,515255.0
285,438 17th Ave,San Francisco,94121,3,3.0,2380.0,2250000.0,8679.0,1.0,1.0,,Low,60.0,360.0,53.0,61.0,1916,3000.0,9080.0,702900.0
286,75 Santa Barbara Ave,San Francisco,94112,4,3.0,1880.0,998000.0,3891.0,1.0,1.0,,Lowest,62.0,158.0,39.0,14.0,1982,2387.0,10954.0,859224.0
287,195 San Anselmo Ave,San Francisco,94127,5,4.0,3660.0,3800000.0,14843.0,1.0,1.0,,Lowest,71.0,169.0,31.0,22.0,1926,5954.0,32131.0,2615095.0
288,653 28th St,San Francisco,94131,5,6.0,4105.0,6195000.0,23766.0,1.0,1.0,,Lowest,59.0,325.0,75.0,85.0,,2905.0,21339.0,1714595.0
289,1230 Sacramento St,San Francisco,94108,4,3.0,4822.0,7995000.0,30616.0,1.0,1.0,,Lowest,20.0,1994.0,368.0,664.0,1916,3297.0,124709.0,10346777.0
290,278 Monterey Blvd,San Francisco,94131,3,3.0,1776.0,1199000.0,4655.0,1.0,1.0,,Lowest,59.0,185.0,37.0,31.0,2003,2486.0,,
291,1328 York St,San Francisco,94110,3,1.0,1200.0,1375000.0,5328.0,1.0,1.0,,Low,40.0,700.0,168.0,200.0,1918,2596.0,19132.0,1534590.0
292,1330 Plymouth Ave,San Francisco,94112,4,3.0,1985.0,1999000.0,7723.0,1.0,1.0,,Lowest,62.0,207.0,45.0,30.0,1923,4874.0,6526.0,489740.0
293,606 Ellis St,San Francisco,94109,3,2.0,1635.0,1449888.0,5614.0,1.0,1.0,,Highest,34.0,1969.0,343.0,720.0,1907,2186.0,12789.0,912041.0
294,918 Noe St,San Francisco,94114,4,4.0,2705.0,3899000.0,14969.0,1.0,1.0,,Lowest,51.0,666.0,129.0,220.0,1905,2500.0,28954.0,2350000.0
295,583 Corbett Ave,San Francisco,94114,5,6.0,4370.0,3750000.0,14400.0,1.0,1.0,,Lowest,51.0,335.0,71.0,108.0,2002,2078.0,28448.0,2307768.0
296,3160 Jackson St,San Francisco,94115,3,2.0,3029.0,4350000.0,16692.0,1.0,1.0,,Lowest,49.0,460.0,80.0,140.0,1904,5112.0,49278.0,220042.0
297,543 W Crescent Dr,Palo Alto,94301,4,3.0,3218.0,5395000.0,21134.0,1.0,1.0,1.0,Lowest,79.0,127.0,21.0,23.0,1974,0.25,18492.0,1496674.0
298,1031 Embarcadero Rd,Palo Alto,94303,7,6.0,2842.0,3499888.0,13737.0,1.0,1.0,1.0,Lowest,90.0,29.0,6.0,3.0,2021,6050.0,25499.0,2080800.0
299,140 Tennyson Ave,Palo Alto,94301,4,4.0,2005.0,2988000.0,11738.0,1.0,1.0,1.0,Lowest,79.0,183.0,14.0,40.0,2013,3750.0,27383.0,2251965.0
300,2189 Webster St,Palo Alto,94301,6,8.0,5347.0,10800000.0,42231.0,1.0,1.0,1.0,Lowest,79.0,79.0,9.0,14.0,2020,8555.0,95855.0,8061738.0
301,1005 University Ave,Palo Alto,94301,5,4.0,4649.0,5950000.0,23300.0,1.0,1.0,1.0,Low,79.0,159.0,19.0,28.0,1886,0.3,16337.0,1384628.0
302,1430 Harker Ave,Palo Alto,94301,6,4.0,3882.0,6250000.0,24471.0,1.0,1.0,1.0,Lowest,79.0,127.0,18.0,23.0,1999,7792.0,50618.0,4218787.0
303,935 Scott St,Palo Alto,94301,5,6.0,5535.0,15250000.0,59601.0,1.0,1.0,1.0,Lowest,79.0,177.0,17.0,36.0,2011,10001.0,169054.0,14280000.0
304,531 Kendall Ave,Palo Alto,94306,4,2.0,1912.0,2425000.0,9541.0,1.0,1.0,1.0,Lowest,83.0,99.0,11.0,21.0,1921,5148.792,8108.0,607590.0
305,3785 Park Blvd,Palo Alto,94306,3,2.0,1234.0,1799000.0,7097.0,1.0,1.0,1.0,Lowest,83.0,100.0,12.0,19.0,1940,5636.664,9501.0,732856.0
306,260 Edlee Ave,Palo Alto,94306,3,2.0,1662.0,2399000.0,9439.0,1.0,1.0,1.0,Lowest,83.0,98.0,16.0,15.0,1940,7750.0,813.0,71564.0
307,844 Richardson Ct,Palo Alto,94303,4,2.0,1789.0,2898000.0,11387.0,1.0,1.0,1.0,Lowest,90.0,44.0,8.0,2.0,1956,7461.0,20487.0,1666151.0
308,2500 Bryant St,Palo Alto,94301,5,6.0,4818.0,5690000.0,22285.0,1.0,1.0,1.0,Lowest,79.0,90.0,11.0,16.0,2008,8389.0,45485.0,3782774.0
309,750 Palo Alto Ave,Palo Alto,94301,4,3.0,3200.0,4950000.0,19396.0,1.0,1.0,1.0,Lowest,79.0,176.0,20.0,31.0,1909,9988.0,15646.0,1247934.0
310,801 Clara Dr,Palo Alto,94303,4,2.0,1465.0,2699000.0,10610.0,1.0,1.0,1.0,Lowest,90.0,54.0,9.0,9.0,1953,7322.0,29685.0,2440511.0
311,829 Waverley St,Palo Alto,94301,5,2.0,2240.0,4498000.0,17632.0,1.0,1.0,1.0,Lowest,79.0,165.0,16.0,30.0,1922,5723.0,27115.0,2221926.0
312,2585 Louis Rd,Palo Alto,94303,6,6.0,3787.0,6188000.0,24229.0,1.0,1.0,1.0,Lowest,90.0,19.0,6.0,,2021,10842.0,34576.0,2856000.0
313,2830 Waverley St,Palo Alto,94306,6,4.0,3661.0,3898000.0,15290.0,1.0,1.0,1.0,Lowest,83.0,89.0,11.0,15.0,1948,8245.0,3734.0,313967.0
314,610 Los Trancos Rd,Palo Alto,94304,5,11.0,12657.0,53888000.0,210419.0,1.0,1.0,1.0,Lowest,78.0,3.0,1.0,2.0,2008,13.4,207949.0,17585632.0
315,4103 Clemo Ave,Palo Alto,94306,6,6.0,4448.0,5115200.0,20243.0,1.0,1.0,1.0,Lowest,83.0,93.0,16.0,14.0,2021,5993.0,28825.0,2358907.0
316,40 Kent Pl,Palo Alto,94301,4,3.0,2782.0,4899950.0,19201.0,1.0,1.0,1.0,Lowest,79.0,143.0,18.0,26.0,1938,7204.0,55762.0,4655790.0
317,3198 Maddux Dr,Palo Alto,94303,4,5.0,3016.0,4088000.0,16032.0,1.0,1.0,1.0,Lowest,90.0,18.0,4.0,,2017,7562.0,41555.0,3448926.0
318,1975 Webster St,Palo Alto,94301,6,6.0,6129.0,20000000.0,78142.0,1.0,1.0,1.0,Lowest,79.0,109.0,13.0,19.0,2021,10497.0,88254.0,7415996.0
319,2001 Webster St,Palo Alto,94301,5,4.0,5042.0,9980000.0,39031.0,1.0,1.0,1.0,Lowest,79.0,86.0,12.0,15.0,2004,8755.0,90011.0,7572241.0
320,1550 Cowper St,Palo Alto,94301,9,7.0,5202.0,7988000.0,31255.0,1.0,1.0,1.0,Lowest,79.0,171.0,14.0,38.0,1932,0.34,4000.0,248603.0
321,355 San Antonio Ave,Palo Alto,94306,4,5.0,2690.0,3680000.0,14439.0,1.0,1.0,1.0,Lowest,83.0,100.0,16.0,15.0,2012,10214.0,,
322,3951 Bibbits Dr,Palo Alto,94303,3,2.0,1247.0,2398000.0,9436.0,1.0,1.0,1.0,Lowest,90.0,45.0,5.0,8.0,1956,9548.0,991.0,86767.0
323,923 Oregon Ave,Palo Alto,94303,4,2.0,2062.0,2488000.0,9786.0,1.0,1.0,1.0,Lowest,90.0,18.0,6.0,,1948,8110.0,31503.0,2600604.0
324,4206 Pomona Ave,Palo Alto,94306,5,6.0,3564.0,5380000.0,21075.0,1.0,1.0,1.0,Lowest,83.0,84.0,14.0,12.0,2021,9387.0,34685.0,2936345.0
325,1525 Edgewood Dr,Palo Alto,94303,4,4.0,3305.0,6298000.0,24658.0,1.0,1.0,1.0,Lowest,90.0,36.0,13.0,3.0,1953,0.48,66541.0,5571341.0
326,3344 Waverley St,Palo Alto,94306,4,3.0,2292.0,3600000.0,14127.0,1.0,1.0,1.0,Lowest,83.0,95.0,11.0,17.0,1996,6669.0,25771.0,2108057.0
327,742 Live Oak Ave,Menlo Park,94025,4,3.0,1890.0,3149000.0,12104.0,1.0,1.0,1.0,Low,90.0,150.0,15.0,29.0,2013,4229.0,,
328,192 Pickering Ave,Fremont,94536,4,3.0,3635.0,1598000.0,6366.0,1.0,1.0,1.0,Lowest,92.0,17.0,5.0,4.0,1950,21083.0,15109.0,1254760.0
329,1080 Kraftile Rd,Fremont,94536,6,5.0,4580.0,2650000.0,10507.0,1.0,1.0,1.0,Lowest,92.0,44.0,7.0,2.0,2019,9006.0,23080.0,1934396.0
330,619 Ravenna Ter,Fremont,94536,3,3.0,1740.0,1295000.0,5268.0,1.0,1.0,1.0,Lowest,92.0,46.0,9.0,6.0,1997,2804.0,11531.0,939567.0
331,38172 Ashford Way,Fremont,94536,3,2.0,1500.0,1249000.0,4992.0,1.0,1.0,1.0,Lowest,92.0,122.0,14.0,8.0,1963,6364.0,1542.0,86087.0
332,5501 Tan Oak Dr,Fremont,94555,5,4.0,3308.0,2095000.0,8445.0,1.0,1.0,1.0,Lowest,93.0,55.0,8.0,3.0,2007,6002.0,17811.0,1487545.0
333,40655 Wolcott Pl,Fremont,94538,5,4.0,4040.0,2159999.0,8578.0,1.0,1.0,1.0,Lowest,88.0,61.0,7.0,8.0,1984,9238.0,13569.0,1121621.0
335,2821 Washington Blvd,Fremont,94539,3,3.0,2000.0,1388000.0,5539.0,1.0,1.0,1.0,Lowest,93.0,51.0,9.0,11.0,1951,6599.0,13509.0,1106071.0
336,4038 Basil Ter,Fremont,94538,3,3.0,1476.0,1188888.0,4915.0,1.0,1.0,1.0,Lowest,88.0,68.0,12.0,9.0,2010,1309.0,8959.0,717499.0
337,6180 Tourraine Dr,Newark,94560,3,2.0,1100.0,970000.0,3894.0,1.0,1.0,1.0,Lowest,94.0,81.0,13.0,7.0,1959,6000.0,3055.0,214218.0
338,27565 Verona Ave,Hayward,94545,3,2.0,1128.0,710000.0,2870.0,1.0,1.0,1.0,Lowest,93.0,35.0,8.0,,1957,6496.0,3131.0,244193.0
339,2242 Olive Ave,Fremont,94539,5,5.0,4252.0,2978800.0,11802.0,1.0,1.0,1.0,Lowest,93.0,44.0,9.0,10.0,2014,7735.0,24621.0,2073645.0
340,304 Merrill Ave,Fremont,94539,5,3.0,2555.0,1599999.0,6374.0,2.0,1.0,1.0,Lowest,93.0,50.0,7.0,4.0,1968,6400.0,1727.0,94606.0
341,40744 Robin St,Fremont,94538,4,2.0,1556.0,1200000.0,4799.0,1.0,1.0,1.0,Lowest,88.0,87.0,12.0,13.0,1963,7200.0,9677.0,779342.0
342,1768 Osage Ct,Hayward,94545,4,2.0,1387.0,799950.0,3224.0,1.0,1.0,1.0,Lowest,93.0,59.0,20.0,1.0,1965,6000.0,,
343,37231 Mission Blvd,Fremont,94536,4,4.0,2262.0,1199999.0,4799.0,1.0,1.0,1.0,Lowest,92.0,12.0,5.0,4.0,1925,4700.0,7166.0,563568.0
344,34271 Pinnacles Dr,Union City,94587,4,3.0,1997.0,1250000.0,4996.0,1.0,1.0,1.0,Lowest,89.0,44.0,7.0,2.0,2000,3510.0,10732.0,725847.0
346,35923 Blair Pl,Fremont,94536,4,2.0,2167.0,1599999.0,6374.0,1.0,1.0,1.0,Lowest,92.0,69.0,8.0,4.0,1972,5800.0,9339.0,757713.0
347,2332 Abaca Way,Fremont,94539,2,2.0,1230.0,1268800.0,5114.0,1.0,1.0,1.0,Lowest,93.0,55.0,8.0,11.0,1971,3937.0,12085.0,986830.0
348,4723 Mildred Dr,Fremont,94536,4,2.0,1424.0,1248000.0,4988.0,1.0,1.0,1.0,Lowest,92.0,141.0,20.0,15.0,1961,6000.0,1444.0,70618.0
349,4940 Thornton Ave,Fremont,94536,4,3.0,1933.0,899950.0,3617.0,1.0,1.0,1.0,Lowest,92.0,74.0,12.0,6.0,1952,7179.0,4895.0,367913.0
350,2154 Farrol Ave,Union City,94587,3,2.0,1627.0,1198000.0,4792.0,1.0,1.0,1.0,Lowest,89.0,53.0,7.0,3.0,1965,6198.0,8508.0,589577.0
351,47645 Papago St,Fremont,94539,4,2.0,1632.0,1495000.0,5960.0,2.0,1.0,1.0,Lowest,93.0,49.0,6.0,4.0,1976,5986.0,4378.0,329902.0
352,2531 Robin Ct,Union City,94587,3,2.0,1251.0,899888.0,3617.0,1.0,1.0,1.0,Lowest,89.0,72.0,15.0,2.0,1979,5384.0,11065.0,799666.0
353,2465 Tecado Ter,Fremont,94539,6,9.0,12075.0,10800000.0,42591.0,1.0,1.0,1.0,Lowest,93.0,,,,1993,900820.0,87948.0,7591844.0
354,683 Chardonnay Dr,Fremont,94539,4,3.0,2286.0,1699000.0,6764.0,2.0,1.0,1.0,Lowest,93.0,40.0,4.0,1.0,1987,6992.0,13882.0,1141606.0
355,413 Ohlones St,Fremont,94539,3,2.0,1202.0,1295000.0,5173.0,1.0,1.0,1.0,Lowest,93.0,12.0,1.0,4.0,1953,5022.0,14874.0,1227060.0
356,32980 Lake Mead Dr,Fremont,94555,3,2.0,1459.0,1099000.0,4402.0,1.0,1.0,1.0,Lowest,93.0,89.0,19.0,4.0,1970,4300.0,8194.0,659071.0
357,4430 Grover Dr,Fremont,94536,4,3.0,1763.0,1500000.0,5999.0,1.0,1.0,1.0,Lowest,92.0,143.0,22.0,13.0,1955,9422.0,13742.0,1130000.0
358,36181 Malta Pl,Fremont,94536,3,2.0,1645.0,1295000.0,5173.0,1.0,1.0,1.0,Lowest,92.0,62.0,7.0,4.0,1965,5702.0,8634.0,697000.0
359,34541 Windflower Ln,Union City,94587,3,3.0,1772.0,1000000.0,4012.0,1.0,1.0,1.0,Lowest,89.0,45.0,6.0,2.0,1999,3960.0,10274.0,695220.0
360,33009 Lake Wawasee St,Fremont,94555,3,2.0,1148.0,949950.0,3814.0,1.0,1.0,1.0,Lowest,93.0,77.0,15.0,2.0,1971,3118.0,8090.0,650104.0
361,44516 Kadi Ct,Fremont,94539,4,3.0,1827.0,1548000.0,6169.0,1.0,1.0,1.0,Lowest,93.0,15.0,1.0,,1978,4255.0,2843.0,197708.0
363,3638 Monmouth Pl,Fremont,94538,4,2.0,1363.0,1349000.0,5386.0,1.0,1.0,1.0,Lowest,88.0,69.0,13.0,12.0,1958,5000.0,10497.0,850000.0
364,34186 Gannon Ter,Fremont,94555,3,3.0,1324.0,1149000.0,4728.0,1.0,1.0,1.0,Lowest,93.0,55.0,8.0,3.0,1988,3070.0,12279.0,1003985.0
365,3547 Vista Norte Ct,Milpitas,95035,5,6.0,6075.0,2868000.0,11715.0,2.0,1.0,1.0,Lowest,95.0,1.0,,,1996,3.66,26967.0,2274799.0
366,27704 Loyola Ave,Hayward,94545,3,2.0,1128.0,799888.0,3224.0,1.0,1.0,1.0,Lowest,93.0,43.0,9.0,,1957,6400.0,5478.0,432233.0
368,38934 Applegate Ter,Fremont,94536,3,3.0,1486.0,1098000.0,4485.0,1.0,1.0,1.0,Lowest,92.0,56.0,7.0,6.0,1987,3500.0,8375.0,667693.0
369,38433 Glenview Dr,Fremont,94536,3,2.0,1430.0,1298888.0,5210.0,1.0,1.0,1.0,Lowest,92.0,137.0,19.0,12.0,1954,8914.0,9018.0,723088.0
370,3244 Rockett Dr,Fremont,94538,3,1.0,950.0,995000.0,3992.0,1.0,1.0,1.0,Lowest,88.0,81.0,10.0,8.0,1954,5500.0,4156.0,303770.0
371,44989 Vista Del Sol,Fremont,94539,7,8.0,8132.0,7998000.0,31561.0,1.0,1.0,1.0,Lowest,93.0,5.0,,,2006,117749.0,49737.0,4236616.0
372,801 Coyote St,Milpitas,95035,3,2.0,1354.0,1198000.0,4752.0,1.0,1.0,1.0,Lowest,95.0,160.0,11.0,12.0,1964,6115.0,1205.0,86659.0
374,35691 Palomares Rd,Castro Valley,94552,3,4.0,2939.0,1599000.0,8181.0,1.0,2.0,2.0,Lowest,87.0,,1.0,,1961,107158.0,17244.0,1400000.0
376,35564 Roca Dr,Fremont,94536,3,2.0,1176.0,1079000.0,4322.0,1.0,1.0,1.0,Lowest,92.0,102.0,12.0,3.0,1958,7200.0,4850.0,364075.0
377,4338 Calypso Ter,Fremont,94555,3,3.0,1988.0,1280000.0,5164.0,1.0,1.0,1.0,Lowest,93.0,45.0,9.0,2.0,1991,5593.0,10256.0,829684.0
378,4740 Quadres Ct,Fremont,94538,3,2.0,1473.0,799000.0,3220.0,1.0,1.0,1.0,Lowest,88.0,169.0,17.0,13.0,1959,8066.0,4420.0,334038.0
379,2551 Gloria Way,East Palo Alto,94303,3,2.0,1100.0,1000000.0,3979.0,1.0,1.0,1.0,Lowest,90.0,49.0,13.0,3.0,1956,5201.0,10942.0,822435.0
380,44555 Parkmeadow Dr,Fremont,94539,5,4.0,4642.0,3288000.0,13018.0,1.0,1.0,1.0,Lowest,93.0,23.0,7.0,2.0,1978,15087.0,21343.0,1784243.0
381,47650 Hoyt St,Fremont,94539,3,2.0,1821.0,1699999.0,6767.0,2.0,1.0,1.0,Lowest,93.0,49.0,6.0,4.0,1969,6500.0,11541.0,946923.0
382,849 Coyote St,Milpitas,95035,4,4.0,2067.0,1595000.0,6300.0,1.0,1.0,1.0,Lowest,95.0,161.0,12.0,9.0,1964,8772.0,12814.0,1065784.0
383,4488 Bidwell Dr,Fremont,94538,3,2.0,1204.0,1049000.0,4205.0,1.0,1.0,1.0,Lowest,88.0,131.0,17.0,11.0,1964,6100.0,6962.0,552997.0
384,27677 Miami Ave,Hayward,94545,3,2.0,1119.0,748000.0,3020.0,1.0,1.0,1.0,Lowest,93.0,60.0,9.0,,1955,5140.0,7415.0,593502.0
385,36418 Laredo Dr,Fremont,94536,3,2.0,2124.0,1428000.0,5697.0,1.0,1.0,1.0,Lowest,92.0,65.0,7.0,4.0,1962,6573.0,10624.0,868388.0
386,47025 Yucatan Dr,Fremont,94539,3,2.0,1481.0,1349999.0,5389.0,2.0,1.0,1.0,Lowest,93.0,50.0,5.0,4.0,1979,6233.0,2303.0,151192.0
387,31706 Greenbrier Ln,Hayward,94544,3,2.0,1233.0,774888.0,3125.0,1.0,1.0,1.0,Lowest,90.0,23.0,13.0,2.0,1956,5096.0,7999.0,631413.0
388,39137 Sonora Ct,Fremont,94538,3,2.0,1278.0,1049000.0,4205.0,1.0,1.0,1.0,Lowest,88.0,171.0,17.0,14.0,1959,5995.0,1344.0,69078.0
389,5067 Winsford Ct,Newark,94560,5,3.0,2476.0,1599950.0,6374.0,1.0,1.0,1.0,Lowest,94.0,99.0,14.0,5.0,1967,10234.0,7237.0,578111.0
390,4462 Crestwood St,Fremont,94538,3,2.0,1199.0,1265000.0,5055.0,1.0,1.0,1.0,Lowest,88.0,88.0,15.0,12.0,1960,6400.0,2154.0,131327.0
391,34558 Milburn Ter,Fremont,94555,2,3.0,1249.0,985000.0,4203.0,1.0,1.0,1.0,Lowest,93.0,60.0,8.0,5.0,1989,2817.0,6510.0,507000.0
392,27958 Mandarin Ave,Hayward,94544,3,2.0,1264.0,699950.0,2830.0,1.0,1.0,1.0,Lowest,90.0,65.0,19.0,1.0,1954,5160.0,4226.0,328000.0
393,4883 Calaveras Ave,Fremont,94538,3,2.0,1000.0,975000.0,3913.0,1.0,1.0,1.0,Lowest,88.0,173.0,18.0,14.0,1959,7080.0,8861.0,709532.0
394,568 Monticello Ter,Fremont,94539,5,6.0,6787.0,4998950.0,19754.0,1.0,1.0,1.0,Lowest,93.0,11.0,1.0,4.0,2015,145490.0,44127.0,3748146.0
395,41948 Mission Blvd,Fremont,94539,3,4.0,2631.0,2398000.0,9712.0,1.0,1.0,1.0,Lowest,93.0,8.0,1.0,4.0,2021,8402.0,7504.0,592195.0
396,2836 Baumberg Ave,Hayward,94545,5,3.0,2460.0,1195000.0,4780.0,1.0,1.0,1.0,Lowest,93.0,32.0,6.0,,1906,23100.0,1078.0,65890.0
397,1701 Sioux Dr,Fremont,94539,5,3.0,2614.0,2480000.0,9838.0,1.0,1.0,1.0,Lowest,93.0,24.0,6.0,4.0,1978,0.29,14357.0,1189500.0
398,4816 Seneca Park Ave,Fremont,94538,3,2.0,1265.0,1179999.0,4720.0,1.0,1.0,1.0,Lowest,88.0,93.0,15.0,14.0,1962,5700.0,10864.0,888666.0
399,5854 Mayhews Landing Rd,Newark,94560,3,1.0,1224.0,849888.0,3421.0,1.0,1.0,1.0,Lowest,94.0,52.0,12.0,3.0,1934,8241.0,8657.0,694779.0
400,44506 Vista Grande Ct,Fremont,94539,5,7.0,5672.0,4280000.0,16985.0,1.0,1.0,1.0,Lowest,93.0,7.0,,1.0,2010,0.44,34382.0,2914413.0
401,2652 Crown Ct,Union City,94587,4,2.0,1320.0,949000.0,3811.0,1.0,,1.0,Lowest,89.0,92.0,33.0,7.0,1971,7392.0,6536.0,420511.0
402,37763 Alta Ct,Fremont,94536,3,2.0,1682.0,1299900.0,5210.0,1.0,1.0,1.0,Lowest,92.0,100.0,15.0,9.0,1954,7739.0,4370.0,329674.0
403,428 Sandstone Dr,Fremont,94536,3,3.0,1416.0,1250000.0,4996.0,1.0,1.0,1.0,Lowest,92.0,45.0,8.0,2.0,1989,4486.0,9800.0,784608.0
404,4345 Eggers Dr,Fremont,94536,4,2.0,1800.0,1499999.0,5998.0,1.0,1.0,1.0,Lowest,92.0,161.0,22.0,13.0,1957,7350.0,1707.0,100343.0
405,551 Jayar Pl,Hayward,94544,5,3.0,2185.0,649998.0,2634.0,1.0,1.0,1.0,Lowest,90.0,25.0,12.0,2.0,1955,5000.0,6098.0,476862.0
406,4454 Calypso Ter,Fremont,94555,3,3.0,1988.0,1388800.0,5592.0,1.0,1.0,1.0,Lowest,93.0,48.0,7.0,2.0,1993,3968.0,8773.0,702000.0
407,2690 Parkway,Sunol,94586,3,2.0,2480.0,1399000.0,5634.0,1.0,1.0,1.0,Lowest,96.0,2.0,,,1926,18963.0,,
408,250 Aleut Ct,Fremont,94539,4,3.0,2698.0,2198000.0,8728.0,1.0,1.0,1.0,Lowest,93.0,43.0,5.0,3.0,1985,11500.0,13773.0,1132215.0
409,34762 Comstock Cmn,Fremont,94555,4,3.0,1863.0,1400000.0,5661.0,1.0,1.0,1.0,Lowest,93.0,78.0,12.0,4.0,1988,2700.0,11256.0,915868.0
410,2045 Menalto Ave,Menlo Park,94025,3,2.0,1751.0,1988000.0,7669.0,1.0,1.0,1.0,Moderate,90.0,78.0,15.0,9.0,2015,7361.0,15204.0,1159847.0
411,799 Olive Ave,Fremont,94539,4,2.0,2095.0,1630000.0,6492.0,1.0,1.0,1.0,Lowest,93.0,13.0,1.0,4.0,1975,8050.0,2309.0,158011.0
412,3174 Mountain Dr,Fremont,94555,4,3.0,2677.0,1998800.0,7943.0,1.0,1.0,1.0,Lowest,93.0,51.0,11.0,1.0,1988,7144.0,14493.0,1201714.0
413,38765 Mission Blvd,Fremont,94536,5,5.0,3080.0,3495000.0,13834.0,1.0,1.0,1.0,Lowest,92.0,25.0,6.0,4.0,1978,21780.0,12335.0,1008782.0
414,4623 Hansen Ave,Fremont,94536,6,3.0,2031.0,1499999.0,5980.0,1.0,1.0,1.0,Lowest,92.0,77.0,11.0,5.0,1963,6538.0,6418.0,506154.0
415,4125 Bacinada Ct,Fremont,94536,4,2.0,1494.0,1388000.0,5539.0,1.0,1.0,1.0,Lowest,92.0,67.0,11.0,3.0,1971,7839.0,9307.0,747968.0
416,11641 Southwood Dr,Saratoga,95070,3,1.0,1401.0,1395000.0,5520.0,1.0,2.0,1.0,Low,99.0,108.0,19.0,13.0,1952,10210.0,2434.0,78857.0
417,706 Albanese Cir,San Jose,95111,4,3.0,1594.0,998000.0,3970.0,1.0,1.0,1.0,Lowest,94.0,100.0,20.0,8.0,1977,6320.0,11573.0,785501.0
418,1890 Johnston Ave,San Jose,95125,4,3.0,2990.0,2799000.0,11000.0,1.0,1.0,1.0,Lowest,94.0,95.0,14.0,14.0,2017,6612.0,30359.0,2496960.0
419,3130 Woodmont Dr,San Jose,95118,3,2.0,1376.0,1299000.0,5146.0,1.0,1.0,1.0,Lowest,96.0,42.0,7.0,9.0,1957,6237.0,12046.0,923249.0
420,53 Mill Stone Ln,San Jose,95136,3,3.0,1593.0,998000.0,4074.0,1.0,1.0,1.0,Moderate,96.0,72.0,13.0,5.0,1988,3219.0,11681.0,812209.0
421,5180 Narvaez Ave,San Jose,95136,5,3.0,2533.0,1399999.0,5539.0,1.0,1.0,1.0,Low,96.0,92.0,14.0,4.0,1975,5998.0,5938.0,403839.0
422,1553 Hermocilla Way,San Jose,95116,4,3.0,1786.0,999999.0,4049.0,1.0,1.0,1.0,Low,90.0,216.0,45.0,10.0,1999,2700.0,6951.0,437192.0
423,1301 Mariposa Ave,San Jose,95126,3,2.0,1820.0,1475000.0,5832.0,1.0,1.0,1.0,Lowest,89.0,132.0,34.0,42.0,1927,3528.0,6870.0,483982.0
424,1523 Hester Ave,San Jose,95126,3,2.0,1552.0,1575000.0,6223.0,1.0,1.0,1.0,Lowest,89.0,117.0,31.0,32.0,1923,5423.0,11673.0,896709.0
425,7242 Sharon Dr,San Jose,95129,3,2.0,1353.0,1688000.0,6739.0,1.0,1.0,1.0,Lowest,96.0,60.0,7.0,3.0,1985,3794.0,9149.0,639430.0
426,1172 Dermott Dr,San Jose,95129,3,2.0,1404.0,1738000.0,6859.0,1.0,1.0,1.0,Lowest,96.0,116.0,18.0,12.0,1961,8001.0,5754.0,348259.0
427,6265 Robin Ridge Ct,San Jose,95135,4,3.0,3331.0,2275000.0,8955.0,1.0,1.0,,Lowest,99.0,,,,1996,10798.0,11759.0,748085.0
428,2773 Scottsdale Dr,San Jose,95148,4,2.0,1451.0,1175000.0,4661.0,1.0,1.0,1.0,Lowest,97.0,160.0,28.0,12.0,1970,6791.0,7579.0,488357.0
429,5325 Gerine Blossom Dr,San Jose,95123,3,2.0,1536.0,1149000.0,4560.0,1.0,1.0,1.0,Lowest,95.0,72.0,12.0,4.0,1976,6107.0,10654.0,731722.0
430,3171 Cayman Pl,San Jose,95127,6,4.0,2859.0,1868000.0,7367.0,1.0,1.0,1.0,Lowest,93.0,45.0,8.0,4.0,1976,6237.0,13762.0,961568.0
431,4346 Reden Dr,San Jose,95130,3,2.0,1110.0,1495000.0,5910.0,1.0,1.0,1.0,Lowest,96.0,59.0,12.0,6.0,1961,7945.0,2865.0,73885.0
432,4009 San Bernardino Way,San Jose,95111,3,2.0,1308.0,799000.0,3194.0,2.0,1.0,1.0,Highest,94.0,60.0,8.0,4.0,1959,5440.0,11081.0,754800.0
433,23 N 26th St,San Jose,95116,2,1.0,794.0,874998.0,3490.0,1.0,1.0,1.0,Highest,90.0,150.0,44.0,13.0,1904,5039.0,4655.0,281087.0
434,3966 Acapulco Dr,Campbell,95008,4,3.0,1935.0,1698000.0,6703.0,1.0,1.0,1.0,Lowest,96.0,58.0,10.0,10.0,1974,6507.0,4023.0,203442.0
435,6701 Camden Ave,San Jose,95120,4,2.0,2167.0,1950000.0,7723.0,1.0,1.0,1.0,Lowest,96.0,9.0,1.0,,1972,9705.0,18794.0,1508580.0
436,4032 Ross Park Ct,San Jose,95118,4,3.0,1686.0,1145000.0,4545.0,1.0,1.0,1.0,Lowest,96.0,84.0,18.0,11.0,1964,5928.0,2250.0,81487.0
437,3794 Marks Ave,San Jose,95118,3,2.0,1280.0,1195000.0,4740.0,1.0,1.0,1.0,Low,96.0,68.0,15.0,11.0,1959,6926.0,4136.0,249004.0
438,837 Prevost St,San Jose,95125,4,2.0,1400.0,1150000.0,4564.0,1.0,1.0,1.0,Moderate,94.0,295.0,47.0,114.0,1900,5941.0,16498.0,940629.0
439,1426 Scossa Ave,San Jose,95118,4,2.0,1360.0,1295000.0,5130.0,1.0,1.0,1.0,Lowest,96.0,92.0,16.0,10.0,1962,5972.0,8640.0,630575.0
440,1741 Harmil Way,San Jose,95125,3,2.0,1360.0,1690000.0,6671.0,1.0,1.0,1.0,Lowest,94.0,71.0,12.0,13.0,1938,4652.0,20994.0,1690650.0
441,3453 Tokay Way,San Jose,95148,4,2.0,1640.0,1129000.0,4481.0,,,1.0,Lowest,97.0,6.0,,,1968,7723.0,10750.0,741464.0
442,5455 Century Park Way,San Jose,95111,3,2.0,1400.0,990000.0,3939.0,1.0,1.0,1.0,Lowest,94.0,49.0,7.0,4.0,1976,9539.0,13148.0,922080.0
443,4891 Rhonda Dr,San Jose,95129,4,3.0,1636.0,1988000.0,7835.0,1.0,1.0,1.0,Lowest,96.0,86.0,14.0,10.0,1959,5998.0,15230.0,1095855.0
444,2937 Glen Darby Ct,San Jose,95148,4,3.0,2946.0,1499000.0,5926.0,1.0,1.0,1.0,Lowest,97.0,53.0,6.0,2.0,1986,0.27,9230.0,618282.0
445,5544 Maplecrest Ct,San Jose,95123,4,2.0,1676.0,1038000.0,4127.0,1.0,2.0,1.0,Low,95.0,92.0,13.0,2.0,1977,6155.0,2943.0,127547.0
446,1155 Washoe Dr,San Jose,95120,5,3.0,2415.0,1898000.0,7484.0,1.0,1.0,1.0,Lowest,96.0,15.0,1.0,2.0,1967,8150.0,21572.0,1904720.0
447,108 Crider Ct,Los Gatos,95032,5,6.0,5373.0,5000000.0,19591.0,1.0,1.0,1.0,Lowest,98.0,13.0,1.0,3.0,2002,1.58,67966.0,5428202.0
448,4227 Briarglen Dr,San Jose,95118,5,3.0,1816.0,1498000.0,5922.0,1.0,1.0,1.0,Low,96.0,95.0,18.0,10.0,1978,5048.0,12638.0,979598.0
449,6384 Woosley Dr,San Jose,95123,4,2.0,1475.0,1098000.0,4361.0,1.0,1.0,1.0,Lowest,95.0,14.0,1.0,,1969,6638.0,11444.0,795638.0
450,1412 Mount Shasta Dr,San Jose,95127,4,3.0,1418.0,899000.0,3584.0,,,1.0,Moderate,93.0,42.0,7.0,1.0,1959,5000.0,7268.0,395148.0
451,1224 Champagne Ln,San Jose,95132,3,2.0,1416.0,1278000.0,5063.0,1.0,1.0,1.0,Lowest,98.0,15.0,4.0,1.0,1959,6882.0,6169.0,394183.0
452,1427 Dentwood Dr,San Jose,95118,4,3.0,2030.0,1399000.0,5536.0,1.0,1.0,1.0,Lowest,96.0,89.0,16.0,9.0,1960,6337.0,15565.0,1060780.0
453,2415 Pebble Beach Dr,San Jose,95125,3,2.0,1270.0,1149888.0,4564.0,1.0,1.0,1.0,Lowest,94.0,37.0,5.0,6.0,1960,6294.0,11551.0,845902.0
454,4882 Miramar Ave,San Jose,95129,3,2.0,1188.0,1299000.0,5146.0,1.0,1.0,1.0,Lowest,96.0,113.0,14.0,12.0,1956,5514.0,5774.0,351298.0
455,5380 Cedar Grove Cir,San Jose,95123,3,2.0,1155.0,989000.0,3936.0,,1.0,1.0,Low,95.0,55.0,11.0,4.0,1977,4469.0,10136.0,698166.0
456,3981 Freed Ave,San Jose,95117,4,2.0,1769.0,1599000.0,6316.0,1.0,1.0,1.0,Lowest,96.0,112.0,16.0,12.0,1963,6690.0,3693.0,179101.0
457,1537 Goody Ln,San Jose,95131,3,3.0,1514.0,1188000.0,4746.0,1.0,1.0,1.0,Lowest,94.0,121.0,20.0,6.0,1987,2387.0,12840.0,930888.0
458,4961 Oyster Bay Dr,San Jose,95136,3,3.0,1597.0,1077999.0,4283.0,1.0,1.0,1.0,Lowest,96.0,112.0,16.0,8.0,1975,6547.0,5009.0,324051.0
459,6638 Crown Blvd,San Jose,95120,3,2.0,1932.0,1600000.0,6321.0,1.0,1.0,1.0,Lowest,96.0,11.0,1.0,,1973,8942.0,4037.0,240475.0
460,1464 Cresthaven Ln,San Jose,95118,3,2.0,1313.0,1095000.0,4480.0,1.0,1.0,1.0,Lowest,96.0,100.0,18.0,11.0,1987,4181.0,9683.0,666067.0
461,5777 Coralwood Way,San Jose,95123,3,2.0,1353.0,1125000.0,4466.0,1.0,1.0,1.0,Lowest,95.0,83.0,12.0,3.0,1974,6133.0,10497.0,788621.0
462,3942 Lux Ct,San Jose,95136,4,2.0,1557.0,1199000.0,4755.0,1.0,1.0,1.0,Low,96.0,51.0,11.0,5.0,1968,6721.0,3876.0,219728.0
463,6264 Dunn Ave,San Jose,95123,3,2.0,1668.0,1299900.0,5149.0,,1.0,1.0,Lowest,95.0,21.0,1.0,,1966,6324.0,12514.0,840683.0
464,4710 London Dr,Campbell,95008,3,1.0,1285.0,1350000.0,5344.0,1.0,1.0,1.0,Lowest,96.0,20.0,4.0,2.0,1963,6281.0,5697.0,318664.0
465,1735 Aprilsong Ct,San Jose,95131,4,3.0,2124.0,1558000.0,6157.0,1.0,1.0,1.0,Lowest,94.0,100.0,17.0,6.0,1974,6224.0,11951.0,847568.0
466,5798 Cannes Pl,San Jose,95138,4,3.0,2695.0,2099000.0,8418.0,1.0,1.0,1.0,Lowest,98.0,1.0,1.0,,1998,7322.0,10468.0,679455.0
467,6982 El Marcero Ct,San Jose,95119,4,2.0,1468.0,1088000.0,4322.0,1.0,1.0,1.0,Lowest,98.0,21.0,2.0,3.0,1970,6011.0,11279.0,787662.0
468,5299 Garrison Cir,San Jose,95123,3,2.0,1207.0,949000.0,3779.0,1.0,1.0,1.0,Low,95.0,51.0,8.0,5.0,1977,6721.0,10747.0,741000.0
469,1798 Oakwood Ave,San Jose,95124,3,2.0,1500.0,1398888.0,5536.0,1.0,1.0,1.0,Lowest,98.0,71.0,14.0,5.0,1957,9461.0,14026.0,1057000.0
470,479 N 8th St,San Jose,95112,2,1.0,1188.0,988000.0,3932.0,1.0,1.0,1.0,Moderate,82.0,318.0,42.0,110.0,1924,6233.0,11652.0,888000.0
471,4045 Ribbon Dr,San Jose,95130,3,3.0,1487.0,1548000.0,6117.0,1.0,1.0,1.0,Lowest,96.0,105.0,22.0,13.0,1958,6429.0,19278.0,1425201.0
472,648 Kiowa Cir,San Jose,95123,4,2.0,1503.0,1169950.0,4642.0,1.0,1.0,1.0,Low,95.0,47.0,6.0,,1967,6499.0,5415.0,328212.0
473,2919 Custer Dr,San Jose,95124,3,2.0,1136.0,1248000.0,4947.0,1.0,1.0,1.0,Lowest,98.0,86.0,15.0,8.0,1954,6242.0,12323.0,920066.0
474,2093 Ellen Ave,San Jose,95125,4,2.0,1747.0,1895000.0,7472.0,1.0,1.0,1.0,Lowest,94.0,41.0,7.0,10.0,1951,6995.0,13754.0,1075477.0
475,4443 Heppner Ln,San Jose,95136,4,3.0,2000.0,1499999.0,5930.0,1.0,1.0,1.0,Lowest,96.0,75.0,15.0,6.0,1970,6930.0,10006.0,741028.0
476,3066 Manda Dr,San Jose,95124,3,1.0,1060.0,998000.0,3970.0,1.0,1.0,1.0,Lowest,98.0,87.0,17.0,6.0,1954,5235.0,4104.0,218570.0
477,6579 San Anselmo Way,San Jose,95119,4,3.0,2124.0,1298888.0,5178.0,1.0,1.0,1.0,Lowest,98.0,30.0,2.0,3.0,1972,6346.0,10551.0,725711.0
478,5085 Derek Dr,San Jose,95136,2,1.0,900.0,868000.0,3463.0,1.0,1.0,1.0,Lowest,96.0,51.0,10.0,3.0,1971,7339.0,9619.0,652641.0
479,1313 Glen Eyrie Ave,San Jose,95125,5,4.0,3434.0,2795000.0,10984.0,1.0,1.0,1.0,Lowest,94.0,100.0,22.0,14.0,2008,0.26,22188.0,1787824.0
480,357 Hull Ave,San Jose,95125,4,3.0,2306.0,2095000.0,8252.0,1.0,1.0,1.0,Low,94.0,212.0,42.0,70.0,2021,5414.0,11560.0,880000.0
481,3464 Meadowlands Ln,San Jose,95135,4,3.0,3083.0,2050000.0,8076.0,1.0,1.0,,Lowest,99.0,,,,1996,0.3,11976.0,824553.0
482,1315 Teresita Dr,San Jose,95129,3,2.0,1500.0,1799000.0,7097.0,1.0,1.0,1.0,Lowest,96.0,92.0,16.0,11.0,1959,6311.0,21040.0,1558519.0
483,3619 Wodzienski Dr,San Jose,95148,3,3.0,1864.0,1499000.0,5926.0,1.0,1.0,1.0,Lowest,97.0,15.0,6.0,,2000,4090.0,12025.0,808310.0
484,3345 Flintmont Dr,San Jose,95148,4,3.0,1774.0,1088000.0,4322.0,,,1.0,Lowest,97.0,6.0,1.0,,1981,6189.0,4940.0,290507.0
485,668 Continental Dr,San Jose,95111,3,2.0,1137.0,898888.0,3584.0,1.0,2.0,1.0,High,94.0,34.0,6.0,4.0,1958,5000.0,9360.0,637264.0
486,639 Shawnee Ln,San Jose,95123,5,3.0,2165.0,1299000.0,5146.0,1.0,2.0,1.0,Lowest,95.0,56.0,7.0,,1966,6046.0,2670.0,106139.0
487,3023 Moonstar Ct,San Jose,95148,5,3.0,1960.0,1099888.0,4369.0,1.0,1.0,1.0,Lowest,97.0,59.0,6.0,1.0,1975,5928.0,5448.0,307567.0
488,4340 Camden Ave,San Jose,95124,3,2.0,1240.0,1250000.0,4954.0,1.0,1.0,1.0,Lowest,98.0,66.0,15.0,6.0,1963,6303.0,12690.0,901125.0
489,4129 Cranford Cir,San Jose,95124,5,3.0,2561.0,2100000.0,8273.0,1.0,1.0,2.0,Lowest,98.0,69.0,16.0,5.0,1977,6059.0,11246.0,822129.0
490,6599 Little Falls Dr,San Jose,95120,4,3.0,2602.0,2495000.0,9814.0,1.0,1.0,1.0,Lowest,96.0,7.0,1.0,,1965,0.29,11581.0,876316.0
491,4809 Rue Lyon Ct,San Jose,95136,3,2.0,1446.0,1325000.0,5247.0,1.0,1.0,1.0,Lowest,96.0,65.0,12.0,5.0,1973,7082.0,11035.0,719800.0
492,1478 Hervey Ln,San Jose,95125,4,6.0,2759.0,2459000.0,9674.0,1.0,1.0,1.0,Low,94.0,130.0,22.0,20.0,1959,0.31,29706.0,2405925.0
493,1627 Florida Ave,San Jose,95122,3,2.0,1121.0,699888.0,2807.0,1.0,2.0,1.0,Low,92.0,225.0,39.0,11.0,1959,5728.0,5074.0,283260.0
494,2558 Horace Ave,San Jose,95124,4,3.0,1760.0,1599000.0,6316.0,1.0,1.0,1.0,Lowest,98.0,160.0,25.0,31.0,1965,7013.0,2274.0,88365.0
495,1431 Melwood Dr,San Jose,95118,4,4.0,2339.0,1399000.0,5536.0,1.0,1.0,1.0,Lowest,96.0,94.0,16.0,9.0,1960,6041.0,13991.0,1003043.0
496,4865 Tampico Way,San Jose,95118,5,3.0,2318.0,1860000.0,7336.0,1.0,1.0,1.0,Lowest,96.0,98.0,16.0,10.0,1967,7779.0,2468.0,109800.0
497,1263 Michigan Ave,Alviso,95002,4,3.0,2435.0,1500000.0,5931.0,2.0,1.0,1.0,Lowest,94.0,29.0,1.0,5.0,2000,5270.0,10002.0,735036.0
498,5422 Copeland Ln,San Jose,95124,3,2.0,1342.0,1375000.0,5442.0,1.0,1.0,1.0,Lowest,98.0,30.0,8.0,3.0,1974,5545.0,10271.0,626040.0
499,1737 Creek Dr,San Jose,95125,3,2.0,1640.0,1450000.0,5734.0,1.0,1.0,1.0,Lowest,94.0,124.0,20.0,17.0,1950,5898.0,10041.0,750994.0
500,1571 Rebel Way,San Jose,95118,3,2.0,1730.0,1199000.0,4755.0,1.0,1.0,1.0,Lowest,96.0,54.0,11.0,4.0,1966,6782.0,14027.0,1007879.0
501,1223 Mirabeau Ln,San Jose,95132,4,3.0,2291.0,1388000.0,5493.0,1.0,1.0,1.0,Low,98.0,20.0,4.0,1.0,2001,3131.0,13435.0,972932.0
502,1851 Forest Ave,San Jose,95128,3,2.0,1622.0,1495000.0,5910.0,1.0,1.0,1.0,Low,94.0,155.0,35.0,39.0,1987,6000.0,13145.0,1023169.0
503,6006 Guadalupe Mines Rd,San Jose,95120,5,3.0,2700.0,1850000.0,7362.0,1.0,1.0,2.0,Lowest,96.0,17.0,2.0,3.0,1968,0.29,4382.0,207064.0
504,1825 Worthington Cir,Santa Clara,95050,4,3.0,2717.0,2190000.0,8719.0,1.0,1.0,1.0,Lowest,92.0,137.0,32.0,31.0,2014,3502.0,20804.0,1729757.0
505,4215 Wessex Dr,San Jose,95136,3,2.0,1320.0,948000.0,3775.0,1.0,1.0,1.0,Lowest,96.0,77.0,13.0,7.0,1977,5566.0,14295.0,1115000.0
506,4062 W Campbell Ave,Campbell,95008,3,2.0,1244.0,1199888.0,4759.0,1.0,1.0,1.0,Lowest,96.0,64.0,15.0,8.0,1962,6298.0,19160.0,1410781.0
507,827 Lewiston Dr,San Jose,95136,3,2.0,1688.0,1249000.0,4950.0,1.0,1.0,1.0,Lowest,96.0,43.0,10.0,4.0,1965,6634.0,11227.0,852867.0
508,362 Cloverdale Ln,San Jose,95130,3,3.0,1962.0,1585000.0,6262.0,1.0,1.0,1.0,Lowest,96.0,90.0,20.0,10.0,1953,10040.0,3681.0,101485.0
509,6402 Samar Dr,San Jose,95119,2,2.0,1076.0,988888.0,3935.0,1.0,1.0,1.0,Lowest,98.0,15.0,2.0,1.0,1970,6616.0,4812.0,280994.0
510,946 Marble Ct,San Jose,95120,4,2.0,1882.0,1599000.0,6370.0,1.0,1.0,1.0,Lowest,96.0,9.0,1.0,,1970,8964.0,16608.0,1273448.0
511,1713 Andover Ln,San Jose,95124,3,2.0,1480.0,1399000.0,5536.0,1.0,1.0,1.0,Lowest,98.0,60.0,13.0,6.0,1960,7204.0,16327.0,1189589.0
512,10311 Lochner Dr,San Jose,95127,4,2.0,1154.0,799900.0,3197.0,,,1.0,Low,93.0,63.0,14.0,2.0,1954,5327.0,7617.0,494517.0
513,633 Shadow Creek Dr,San Jose,95136,3,2.0,1200.0,339900.0,1402.0,1.0,1.0,1.0,Low,96.0,44.0,8.0,2.0,2020,10.6,71645.0,1442445.0
514,2519 Cherry Ave,San Jose,95125,5,3.0,2964.0,1698000.0,6703.0,1.0,1.0,1.0,Lowest,94.0,33.0,5.0,9.0,1963,7644.0,18461.0,1439633.0
515,52 Park Belmont Pl,San Jose,95136,4,3.0,2124.0,1120000.0,4447.0,1.0,1.0,1.0,Lowest,96.0,53.0,12.0,6.0,1978,6851.0,11582.0,767681.0
516,219 Avenida Espana,San Jose,95139,4,3.0,1774.0,1249800.0,4953.0,1.0,1.0,1.0,Lowest,95.0,21.0,2.0,3.0,1975,6133.0,9562.0,688558.0
517,5216 Leesa Ann Ct,San Jose,95124,4,3.0,2258.0,1550000.0,6259.0,1.0,1.0,1.0,Lowest,98.0,49.0,9.0,5.0,1976,4643.0,4683.0,262912.0
518,1688 Isabel Dr,San Jose,95125,5,3.0,2247.0,1650000.0,6516.0,1.0,1.0,1.0,Lowest,94.0,97.0,18.0,12.0,1957,8751.0,17788.0,1363862.0
519,33 Ayer Ave,San Jose,95110,4,3.0,2613.0,2190000.0,8623.0,1.0,1.0,1.0,Moderate,83.0,376.0,36.0,122.0,1930,7257.0,15016.0,1143577.0
520,373 Bangor Ave,San Jose,95123,4,3.0,2016.0,1250000.0,4954.0,,1.0,1.0,Lowest,95.0,80.0,13.0,3.0,1968,6459.0,12292.0,823352.0
521,672 S 14th St,San Jose,95112,3,2.0,1634.0,1299000.0,5146.0,1.0,1.0,1.0,Lowest,82.0,303.0,50.0,84.0,1925,6638.0,12653.0,980778.0
522,Whitethorne Dr,San Jose,95128,4,2.0,2148.0,1695000.0,6692.0,2.0,1.0,1.0,Lowest,94.0,157.0,29.0,26.0,1956,8097.0,,
523,6630 Ivy Ln,San Jose,95129,3,2.0,1188.0,1799888.0,7101.0,1.0,1.0,1.0,Lowest,96.0,52.0,8.0,3.0,1957,7701.0,25893.0,2040000.0
524,4930 Poston Dr,San Jose,95136,3,2.0,1313.0,999000.0,3974.0,1.0,1.0,1.0,Lowest,96.0,62.0,12.0,5.0,1973,6242.0,11546.0,813987.0
525,2630 Mabury Sq,San Jose,95133,3,3.0,1699.0,1049000.0,4330.0,1.0,1.0,1.0,Lowest,94.0,74.0,12.0,3.0,1979,4180.0,9654.0,671284.0
526,3476 Lapridge Ln,San Jose,95124,3,3.0,1632.0,1290000.0,5111.0,1.0,1.0,2.0,Low,98.0,80.0,17.0,10.0,1979,3036.0,17086.0,1305702.0
527,58 Willow St,San Jose,95110,2,1.0,1064.0,749000.0,2999.0,1.0,1.0,1.0,High,83.0,235.0,41.0,82.0,1900,5096.0,2189.0,41370.0
528,845 Seabury Dr,San Jose,95136,4,3.0,2039.0,1399888.0,5539.0,1.0,1.0,1.0,Lowest,96.0,88.0,15.0,8.0,1968,6085.0,14359.0,1122000.0
529,1841 Rochelle Dr,San Jose,95124,3,2.0,1300.0,1398000.0,5532.0,1.0,1.0,1.0,Low,98.0,95.0,13.0,9.0,1959,5702.0,13769.0,1035300.0
530,2150 Almaden Rd #53,San Jose,95125,2,2.0,972.0,249900.0,1050.0,1.0,1.0,1.0,Low,94.0,58.0,10.0,11.0,2020,,,
531,1876 Bird Ave,San Jose,95125,3,1.0,1161.0,979000.0,3896.0,1.0,1.0,1.0,Lowest,94.0,108.0,15.0,15.0,1950,4883.0,2135.0,64591.0
532,1851 Patio Dr,San Jose,95125,5,6.0,4068.0,3298000.0,12948.0,1.0,1.0,1.0,Lowest,94.0,102.0,13.0,12.0,2013,10014.0,26608.0,2049286.0
533,1699 English Dr,San Jose,95129,4,3.0,2388.0,2490000.0,9795.0,1.0,1.0,1.0,Lowest,96.0,53.0,12.0,6.0,1958,9700.0,13218.0,898272.0
534,5856 Lalor Dr,San Jose,95123,3,2.0,1662.0,1199000.0,4755.0,1.0,1.0,1.0,Lowest,95.0,89.0,13.0,1.0,1972,5974.0,10741.0,769254.0
535,3254 Fallen Oak Ct,San Jose,95148,6,5.0,2165.0,1250000.0,4954.0,1.0,1.0,1.0,Lowest,97.0,65.0,16.0,6.0,1984,5431.0,5820.0,312955.0
536,57 Southpine Ct,San Jose,95138,4,2.0,1355.0,1050000.0,4174.0,,1.0,1.0,Lowest,98.0,47.0,5.0,4.0,1982,4504.0,7887.0,509874.0
537,541 N 18th St,San Jose,95112,2,1.0,840.0,649999.0,2612.0,1.0,1.0,1.0,Low,82.0,173.0,44.0,30.0,1948,5415.0,2449.0,43671.0
538,399 Mullinix Way,San Jose,95136,3,3.0,2099.0,1099000.0,4613.0,1.0,1.0,1.0,Lowest,96.0,52.0,12.0,4.0,2002,7108.0,13020.0,887183.0
539,3178 Mount Rainier Dr,San Jose,95127,2,1.0,825.0,745000.0,2983.0,,,1.0,Low,93.0,40.0,8.0,,1959,5000.0,1941.0,47052.0
540,5199 Saint Annes Ct,San Jose,95138,4,4.0,2919.0,2350000.0,9396.0,1.0,1.0,1.0,Lowest,98.0,3.0,2.0,,1993,6316.0,20685.0,1478473.0
541,445 Auzerais Ave,San Jose,95126,5,5.0,2645.0,1805000.0,7120.0,1.0,1.0,1.0,Moderate,89.0,327.0,49.0,128.0,2021,4687.0,6929.0,482064.0
542,1286 Terilyn Ave,San Jose,95122,3,2.0,1178.0,795000.0,3178.0,1.0,2.0,1.0,High,92.0,154.0,27.0,6.0,1958,5475.0,2969.0,47052.0
543,1091 Jayden Ln,San Jose,95120,4,4.0,2150.0,1788800.0,7238.0,1.0,1.0,1.0,Lowest,96.0,16.0,3.0,3.0,2018,5627.0,13211.0,1113305.0
544,3312 Olsen Dr,San Jose,95117,7,5.0,2900.0,1799000.0,7097.0,1.0,1.0,1.0,Lowest,96.0,149.0,30.0,27.0,1955,8154.0,12518.0,928591.0
545,3801 Evangelho Cir,San Jose,95148,4,3.0,2093.0,1385000.0,5646.0,1.0,1.0,1.0,Low,97.0,6.0,3.0,,2003,2448.0,11888.0,797569.0
546,445 N Capitol Ave #432,San Jose,95133,3,2.0,1784.0,439900.0,1792.0,1.0,2.0,1.0,Lowest,94.0,103.0,24.0,6.0,2020,,,
547,5646 Wells Ct,San Jose,95123,4,2.0,1883.0,985000.0,3920.0,1.0,2.0,1.0,Lowest,95.0,63.0,9.0,1.0,1968,7130.0,6222.0,349350.0
548,5458 Morningside Dr,San Jose,95138,5,8.0,12008.0,14500000.0,56824.0,1.0,1.0,1.0,Lowest,98.0,3.0,,1.0,2006,0.8,78637.0,6000000.0
549,127 Park Watson Pl,San Jose,95136,3,3.0,1903.0,1150000.0,4564.0,1.0,1.0,1.0,Lowest,96.0,64.0,14.0,5.0,1977,6281.0,5561.0,334698.0
550,118 Magellan Ave,San Jose,95116,3,1.0,1100.0,699999.0,2807.0,1.0,1.0,1.0,Moderate,90.0,142.0,43.0,8.0,1949,5240.0,1868.0,47052.0
551,227 Beegum Way,San Jose,95123,3,3.0,1546.0,1149999.0,4564.0,1.0,1.0,1.0,Lowest,95.0,84.0,12.0,3.0,1963,4843.0,13444.0,915551.0
552,362 Surber Dr,San Jose,95123,4,2.0,1912.0,1299990.0,5149.0,1.0,1.0,1.0,Lowest,95.0,68.0,8.0,1.0,1971,6351.0,9494.0,640845.0
553,333 W Virginia St,San Jose,95110,2,1.0,1095.0,599999.0,2417.0,1.0,1.0,1.0,Low,83.0,326.0,45.0,120.0,1910,4438.0,1688.0,31639.0
554,881 Hampswood Way,San Jose,95120,3,2.0,1649.0,1600000.0,6321.0,1.0,1.0,1.0,Lowest,96.0,4.0,,,1977,6538.0,17128.0,1353040.0
555,356 West Ct,San Jose,95116,3,2.0,1527.0,999000.0,3974.0,1.0,1.0,1.0,Lowest,90.0,106.0,39.0,6.0,1937,5597.0,10756.0,765000.0
556,485 Martha St,San Jose,95112,2,1.0,786.0,649000.0,2608.0,1.0,1.0,1.0,Moderate,82.0,319.0,46.0,84.0,1916,1846.0,6419.0,445066.0
557,1465 Settle Ave,San Jose,95125,2,2.0,1090.0,1100000.0,4369.0,1.0,1.0,1.0,Lowest,94.0,86.0,20.0,16.0,1925,3402.0,11141.0,850946.0
558,6051 Vista Loop,San Jose,95124,4,3.0,2534.0,1999888.0,7881.0,1.0,1.0,1.0,Lowest,98.0,15.0,2.0,3.0,1976,8176.0,14592.0,1020525.0
559,1172 Grimley Ln,San Jose,95120,4,3.0,4200.0,2798000.0,10996.0,1.0,1.0,1.0,Lowest,96.0,4.0,,,1968,0.97,20650.0,1703755.0
560,2211 Bentley Ridge Dr,San Jose,95138,5,4.0,3579.0,2990000.0,11806.0,1.0,1.0,1.0,Lowest,98.0,11.0,2.0,1.0,1996,2.06,24992.0,1855412.0
561,2756 Valley Oak Ct,San Jose,95135,5,4.0,3161.0,1999900.0,7982.0,1.0,1.0,1.0,Lowest,99.0,13.0,4.0,1.0,2014,3881.0,20197.0,1488343.0
562,824 Leyte Ct,San Jose,95111,3,2.0,1220.0,839000.0,3350.0,1.0,1.0,1.0,Lowest,94.0,47.0,4.0,3.0,1972,5998.0,6758.0,423583.0
563,1385 Palm St,San Jose,95110,4,3.0,1645.0,1178888.0,4676.0,1.0,1.0,1.0,Moderate,83.0,139.0,29.0,24.0,2015,2901.0,11315.0,865943.0
564,4102 Crescendo Ave,San Jose,95136,3,2.0,1305.0,999888.0,4011.0,1.0,1.0,1.0,Lowest,96.0,55.0,11.0,4.0,1972,6442.0,11534.0,807715.0
565,6994 El Marcero Ct,San Jose,95119,4,3.0,1800.0,1195000.0,4740.0,1.0,1.0,1.0,Lowest,98.0,21.0,2.0,3.0,1970,9570.0,3916.0,210740.0
566,908 Lanewood Dr,San Jose,95125,3,2.0,2101.0,1288888.0,5106.0,1.0,1.0,1.0,Lowest,94.0,25.0,3.0,6.0,1969,6176.0,6951.0,490876.0
567,3998 Williams Rd,San Jose,95117,4,3.0,1770.0,1398000.0,5630.0,1.0,1.0,1.0,Moderate,96.0,96.0,17.0,8.0,2002,2700.0,14237.0,1028308.0
568,3033 Vistamont Dr,San Jose,95118,3,2.0,1759.0,1199000.0,4755.0,1.0,1.0,1.0,Lowest,96.0,44.0,6.0,9.0,1957,6960.0,10979.0,796725.0
569,2066 The Alameda,San Jose,95126,4,4.0,2886.0,1590000.0,6281.0,1.0,1.0,1.0,Lowest,89.0,147.0,15.0,18.0,1923,6229.0,,
570,293 Dondero Way,San Jose,95119,3,2.0,1516.0,1150000.0,4597.0,1.0,1.0,1.0,Lowest,98.0,35.0,3.0,2.0,1971,6451.0,9245.0,621354.0
571,1388 S Almaden Ave,San Jose,95110,3,3.0,1413.0,980000.0,3900.0,1.0,1.0,1.0,Moderate,83.0,137.0,30.0,31.0,2007,1916.0,6141.0,482760.0
572,5252 Larchwood Dr,San Jose,95118,3,2.0,1532.0,1299000.0,5146.0,1.0,1.0,1.0,Lowest,96.0,84.0,14.0,8.0,1966,7514.0,10711.0,807038.0
573,1566 Marcia Ave,San Jose,95125,3,2.0,1500.0,1450000.0,5734.0,1.0,1.0,1.0,Lowest,94.0,38.0,8.0,8.0,1964,6547.0,11869.0,906539.0
574,2921 Cottle Ave,San Jose,95125,3,2.0,1810.0,1598000.0,6312.0,1.0,1.0,1.0,Lowest,94.0,36.0,5.0,9.0,1956,7204.0,13238.0,990861.0
575,428 N 19th St,San Jose,95112,3,2.0,1712.0,999000.0,3974.0,1.0,1.0,1.0,Low,82.0,177.0,42.0,38.0,1946,5697.0,5307.0,349660.0
576,1433 Michigan Ave,Alviso,95002,3,2.0,1353.0,896900.0,3576.0,2.0,1.0,1.0,Low,94.0,23.0,1.0,5.0,1935,5959.0,6488.0,442747.0
577,3398 Brodie Dr,San Jose,95111,7,5.0,3112.0,1375000.0,5442.0,1.0,1.0,1.0,Lowest,94.0,75.0,13.0,3.0,1976,6042.0,5799.0,343157.0
578,829 Nevada Ave,San Jose,95125,3,2.0,1392.0,1899000.0,7488.0,1.0,1.0,1.0,Lowest,94.0,102.0,19.0,15.0,1936,5762.0,19243.0,1540200.0
579,1092 Jayden Ln,San Jose,95120,4,3.0,2207.0,1768800.0,7159.0,1.0,1.0,1.0,Lowest,96.0,16.0,3.0,3.0,2018,4007.0,13340.0,1124345.0
580,3690 Willowpark Dr,San Jose,95118,4,2.0,1426.0,1299000.0,5146.0,1.0,1.0,1.0,Lowest,96.0,52.0,12.0,6.0,1958,6377.0,2147.0,71137.0
581,1015 Noble Ave,San Jose,95132,4,3.0,2266.0,1588000.0,6274.0,1.0,1.0,1.0,Lowest,98.0,8.0,5.0,2.0,1967,0.31,17008.0,1246919.0
582,1115 Carolyn Ave,San Jose,95125,5,4.0,3771.0,2999000.0,11781.0,1.0,1.0,1.0,Lowest,94.0,76.0,21.0,15.0,2006,6351.0,28323.0,2280113.0
583,315 Educational Park Dr,San Jose,95133,4,3.0,1681.0,999999.0,3979.0,1.0,2.0,1.0,Lowest,94.0,130.0,34.0,8.0,1979,3497.0,3955.0,202671.0
